Gene1,Gene2
AATK,AK4
AATK,AURKC
AATK,DYRK3
AATK,IL32
AATK,ILK
AATK,LRP1
AATK,TPD52L1
AATK,TYROBP
ABCA1,ABCC3
ABCA1,ALDH1A1
ABCA1,APP
ABCA1,AQP10
ABCA1,ATP6V0A1
ABCA1,CETP
ABCA1,CYP27A1
ABCA1,LST1
ABCA1,MS4A1
ABCA1,MS4A6A
ABCA1,RAB13
ABCA1,RAB9B
ABCA1,SLC11A1
ABCA1,SLC17A9
ABCA1,SLC22A16
ABCA1,SLC32A1
ABCA1,SLC43A2
ABCA1,SLC46A2
ABCA1,SLC4A3
ABCA1,SLC6A8
ABCA1,SLC8A3
ABCC3,AQP10
ABCC3,CYP3A5
ABCC3,LST1
ABCC3,RAB13
ABCC3,RAB9B
ABCC3,SLC11A1
ABCC3,SLC17A9
ABCC3,SLC1A3
ABCC3,SLC22A16
ABCC3,SLC32A1
ABCC3,SLC43A2
ABCC3,SLC4A3
ABCC3,SLC6A8
ABCC3,SLC8A3
ABHD1,ALDH1A1
ABHD1,ALDH4A1
ABHD1,HGD
ABHD1,JOSD2
ABLIM3,LIMS1
ABLIM3,PDLIM1
ACRBP,CRB2
ACRBP,KAT2B
ACTB,PDZK1IP1
ACTG2,CALD1
ACTG2,GAS2L1
ACTG2,GSN
ACTG2,TLN1
ACTG2,TPM1
ACTG2,TPM2
ACTG2,TPM4
ACVRL1,ASGR1
ACVRL1,ASGR2
ACVRL1,CCR10
ACVRL1,CLEC10A
ACVRL1,CLEC4E
ACVRL1,CLEC4G
ACVRL1,CLEC5A
ACVRL1,F2RL3
ACVRL1,GPR56
ACVRL1,IL3RA
ACVRL1,ILK
ACVRL1,LAIR2
ACVRL1,LGALS2
ACVRL1,LGALS3
ACVRL1,PDGFRA
ACVRL1,STAB1
ACVRL1,TYROBP
ADAP2,CD151
ADAP2,DUSP23
ADAP2,ENTPD1
ADAP2,EPDR1
ADAP2,GAS2L1
ADAP2,INPP5A
ADAP2,PADI2
ADAP2,PTPN18
ADAP2,PTPRN
ADAP2,SDPR
ADAP2,TNS1
ADAP2,TPD52L1
ADAP2,TPPP3
ADAP2,TUBB1
AFAP1-AS1,NEAT1
AGAP3,AGTRAP
AGAP3,APP
AGAP3,ARHGAP18
AGAP3,ARHGAP6
AGAP3,FADS2
AGAP3,GABRD
AGAP3,GGA1
AGAP3,GNG11
AGAP3,GPR56
AGAP3,GPSM1
AGAP3,GRASP
AGAP3,GRIK4
AGAP3,GRIN2C
AGAP3,HOMER3
AGAP3,INPP5A
AGAP3,MPP3
AGAP3,NLGN3
AGAP3,NPTX2
AGAP3,NRG1
AGAP3,RAPGEFL1
AGAP3,RGS18
AGAP3,SEMA3C
AGAP3,SLC1A3
AGAP3,SLC32A1
AGAP3,TAC3
AGTRAP,APP
AGTRAP,ASGR1
AGTRAP,ASGR2
AGTRAP,EPDR1
AGTRAP,GNG11
AGTRAP,GPR56
AGTRAP,PTGDR
AGTRAP,PTPRN
AGTRAP,SLC17A9
AGTRAP,STAB1
AGTRAP,TAC3
AGTRAP,TYROBP
AIF1,CALD1
AIF1,GSN
AIF1,IFI27
AIF1,IL32
AIF1,NFAM1
AIF1,S100A8
AIF1,TNFSF4
AIF1,VIL1
AIRE,IRF7
AK4,AKR1C3
AK4,ALDH1A1
AK4,ALDH4A1
AK4,CCR10
AK4,CKM
AK4,DGKG
AK4,DYRK3
AK4,GNG11
AK4,GRK4
AK4,GZMH
AK4,MAK
AK4,MAPK8IP2
AK4,MS4A6A
AK4,MS4A7
AK4,MYLK
AK4,NT5C3A
AKR1C3,ALDH1A1
AKR1C3,ALDH4A1
AKR1C3,CCR10
AKR1C3,CYP3A5
AKR1C3,DGKG
AKR1C3,GSTA1
AKR1C3,HGD
AKR1C3,PAH
AKR1C3,PTGDS
AKR1C3,PTGR1
AKR1C3,PTGS1
ALDH1A1,ALDH4A1
ALDH1A1,ALOX12
ALDH1A1,CA2
ALDH1A1,CYP1B1
ALDH1A1,CYP27A1
ALDH1A1,CYP3A5
ALDH1A1,GSTA1
ALDH1A1,HGD
ALDH1A1,HPDL
ALDH4A1,CYP1B1
ALDH4A1,GPX1
ALDH4A1,HGD
ALDH4A1,HPDL
ALDH4A1,LDHC
ALDH4A1,NT5C3A
ALDH4A1,OPLAH
ALDH4A1,PADI2
ALDH4A1,PAH
ALDH4A1,PTGDS
ALDH4A1,PYGL
ALOX12,CYP27A1
ALOX12,CYP3A5
ALOX12,PLA2G7
ALOX12,PTGR1
ALOX12,PTGS1
ANKRD9,ARRDC5
ANKRD9,CUEDC1
ANKRD9,EHD3
ANKRD9,NEURL1B
ANPEP,MAP1A
APCDD1,AXIN2
APLP2,APP
APLP2,CD74
APLP2,HOMER3
APLP2,ITM2C
APLP2,NPTX2
APOBEC3A,CDA
APOBEC3A,DNASE1L3
APOBEC3A,NT5C3A
APP,ASGR1
APP,ASGR2
APP,C6orf25
APP,CD151
APP,CD74
APP,CD93
APP,CFP
APP,CTSA
APP,CTSS
APP,FADS2
APP,GPR56
APP,HOMER3
APP,ITM2C
APP,ITSN1
APP,NPTX2
APP,PCSK6
APP,PNMT
APP,PPBP
APP,PTPRN
APP,RAB13
APP,SLC17A9
APP,TMEM150B
APP,TMPRSS13
APP,TYROBP
AQP10,SLC17A9
AQP10,SLC32A1
AQP10,SLC4A3
AQP10,SLC8A3
ARG1,IL1RN
ARG1,ISG15
ARG1,ITSN1
ARG1,TSC22D1
ARHGAP18,ARHGAP6
ARHGAP18,ARHGEF10L
ARHGAP18,ARHGEF28
ARHGAP18,ARHGEF40
ARHGAP18,HP
ARHGAP18,RAB44
ARHGAP18,RAPGEFL1
ARHGAP18,RGS18
ARHGAP18,SH3BP5L
ARHGAP6,ARHGEF10L
ARHGAP6,ARHGEF28
ARHGAP6,ARHGEF40
ARHGAP6,CDC42EP1
ARHGAP6,DOCK5
ARHGAP6,FADS2
ARHGAP6,GGA1
ARHGAP6,GP6
ARHGAP6,GSN
ARHGAP6,HP
ARHGAP6,OPHN1
ARHGAP6,RAB13
ARHGAP6,RASGRP4
ARHGAP6,RGS18
ARHGAP6,RGS6
ARHGEF10L,ARHGEF28
ARHGEF10L,ARHGEF40
ARHGEF10L,IQSEC2
ARHGEF10L,RAB9B
ARHGEF10L,RAPGEFL1
ARHGEF10L,RASGRP4
ARHGEF10L,RGS18
ARHGEF10L,RGS6
ARHGEF28,ARHGEF40
ARHGEF28,IQSEC2
ARHGEF28,RAB9B
ARHGEF28,RAPGEFL1
ARHGEF28,RASGRP4
ARHGEF28,RGS18
ARHGEF40,DOCK5
ARHGEF40,GGA1
ARHGEF40,IQSEC2
ARHGEF40,RAB11FIP1
ARHGEF40,RAB9B
ARHGEF40,RAPGEFL1
ARHGEF40,RASGRP4
ARHGEF40,RGS18
ARHGEF40,RGS6
ARHGEF40,RUFY1
ARID3A,ASIP
ARID3A,ID1
ARID3A,ID3
ARID3A,PARD3
ARMC3,CBLN3
ARMC3,EDEM3
ARMC3,GRM7-AS1
ARMC3,HCAR1
ARMC3,HK3
ARMC3,IRX3
ARMC3,KIAA0125
ARMC3,LY6G6F
ARMC3,PRRT3-AS1
ARMC3,SLC24A3
ARMC3,TCL1A
ARNTL2,ASCL2
ARNTL2,ID1
ARNTL2,MAX
ARNTL2,MITF
ARNTL2,PER1
ARRDC5,CRISPLD2
ARRDC5,CUEDC1
ARRDC5,CYB561A3
ARRDC5,DOCK5
ARRDC5,EHD3
ARRDC5,FAM46B
ARRDC5,LGALSL
ARRDC5,LRRC3DN
ARRDC5,NEURL1B
ARRDC5,PLD4
ARRDC5,RAB44
ARRDC5,RFPL4A
ARRDC5,RNF175
ARRDC5,RNF215
ARRDC5,SLC46A2
ARRDC5,TDRD9
ARRDC5,TRIM45
ARRDC5,TRIM58
ARRDC5,TRIM74
ARSD,CHST13
ARSD,CHST8
ARSD,NDST1
ARSD,SPARC
ASCL2,HLX
ASCL2,ID1
ASCL2,ID3
ASCL2,LYL1
ASCL2,MAX
ASCL2,MYBL2
ASCL2,MYCL
ASCL2,TAL1
ASGR1,ASGR2
ASGR1,C6orf25
ASGR1,CD151
ASGR1,CD163
ASGR1,CD68
ASGR1,CHST13
ASGR1,CHST8
ASGR1,CLEC4G
ASGR1,FCGR3A
ASGR1,GGA1
ASGR1,GNG11
ASGR1,GP6
ASGR1,GP9
ASGR1,GPR56
ASGR1,ISG15
ASGR1,LGALS1
ASGR1,LGALS12
ASGR1,LGALS2
ASGR1,LGALS3
ASGR1,NDST1
ASGR1,NRG1
ASGR1,PCSK6
ASGR1,PTGDR
ASGR1,RGS18
ASGR1,RGS6
ASGR1,SCARF1
ASGR1,SERPING1
ASGR1,SIGLEC1
ASGR1,ST3GAL6
ASGR1,STAB1
ASGR1,TMPRSS13
ASGR2,CD163
ASGR2,CD68
ASGR2,CHST13
ASGR2,CHST8
ASGR2,CLEC4G
ASGR2,F2RL3
ASGR2,FCGR3A
ASGR2,GGA1
ASGR2,GNG11
ASGR2,GP6
ASGR2,GP9
ASGR2,GPR56
ASGR2,ISG15
ASGR2,ITGA2B
ASGR2,LGALS1
ASGR2,LGALS12
ASGR2,LGALS2
ASGR2,LGALS3
ASGR2,NDST1
ASGR2,NRG1
ASGR2,PTGDR
ASGR2,PVRL2
ASGR2,RGS18
ASGR2,RGS6
ASGR2,SERPING1
ASGR2,SIGLEC1
ASGR2,ST3GAL6
ASGR2,STAB1
ASGR2,TMPRSS13
ASIP,PARD3
ASMT,GSTA1
ASMT,HNMT
ASMT,SETD1A
ATOH8,TAL1
ATP6V0A1,CACNA1H
ATP6V0A1,ENTPD1
ATP6V0A1,KIF13A
ATP6V0A1,SLC17A9
ATP6V0A1,SLC8A3
AURKC,DYRK3
AURKC,ENKUR
AURKC,HCK
AURKC,ILK
AURKC,KIF13A
AURKC,KIFC3
AURKC,PSRC1
AZU1,CXCL3
AZU1,ELANE
AZU1,GZMB
AZU1,GZMH
AZU1,GZMK
AZU1,LYZ
AZU1,MPO
AZU1,PRSS57
BAIAP2-AS1,DTX2
BAIAP2-AS1,FAM212B-AS1
BAIAP2-AS1,HHIP-AS1
BAIAP2-AS1,KIAA1257
BAIAP2-AS1,LINC00936
BAIAP2-AS1,PLXNB2
BAIAP2-AS1,PRRT3-AS1
BAIAP2-AS1,SAT1
BAIAP2-AS1,SLC24A3
BAIAP2-AS1,TCL1A
BAIAP2-AS1,TRAM2-AS1
BCAN,CHST13
BCAN,NLGN3
BCAN,VCAN
BEND2,CEBPD
BEND2,CREB5
BEND2,ID1
BEND2,JOSD2
BEND2,PBX1
BEND2,SATB2
BEND2,ST5
BLVRB,CYB561A3
BMP6,ECM1
BMP6,EREG
BMP6,FGFBP2
BMP6,GP6
BMP6,IGFBP7
BMP6,LEFTY1
BMP6,NODAL
BMP6,PDGFA
BMP6,PDGFRA
BMP6,RBPMS2
BMP6,TSC22D1
BPI,PPBP
BST1,CD79A
BST1,CD79B
BST1,STAB1
C10orf11,LEMD3
C15orf26,C1orf222
C15orf26,CCDC149
C15orf26,CDKN1A
C15orf26,CYP1B1-AS1
C15orf26,KIAA1257
C15orf26,LY6G6F
C15orf26,MAFG
C15orf26,PPFIA4
C15orf38,FXYD6
C15orf38,STX16-NPEPL1
C17orf96,C8orf88
C17orf96,EHD3
C17orf96,HLX
C17orf96,KAT2B
C17orf96,L3MBTL4
C17orf96,TFAP2E
C19orf33,C19orf44
C19orf33,FES
C19orf33,FOLR2
C19orf33,FOLR3
C19orf33,S100A8
C19orf33,S100A9
C19orf33,ZFHX3
C19orf44,CCDC149
C19orf44,CDKN1A
C19orf44,CYP1B1-AS1
C19orf44,KIAA1257
C19orf44,LINC00671
C19orf44,LINC00677
C19orf44,LINC00853
C19orf44,LINC00926
C19orf44,LINC00937
C19orf44,LINC00968
C19orf44,LINC00989
C19orf44,LY6G6F
C19orf44,SAT1
C19orf59,CD151
C19orf59,CD1A
C19orf59,CD74
C19orf59,CLEC10A
C19orf59,CLEC4C
C19orf59,CLEC4E
C19orf59,CMTM5
C19orf59,PNMT
C19orf59,TMEM176A
C19orf59,TMEM176B
C1QA,C1QB
C1QA,C1QC
C1QA,C1S
C1QA,SERPING1
C1QB,C1QC
C1QB,C1S
C1QB,SERPING1
C1QC,C1S
C1QC,FCN1
C1QC,SERPING1
C1S,CFP
C1S,CTSA
C1S,CTSS
C1S,GZMB
C1S,GZMH
C1S,PC
C1S,PCSK6
C1S,PRSS1
C1S,PRSS23
C1S,PRSS3
C1S,PRSS57
C1S,SERPINA1
C1S,SERPINE1
C1S,SERPING1
C1S,SIGLEC1
C1S,ST14
C1orf111,CATSPER1
C1orf111,NKG7
C1orf111,SAMD14
C1orf111,SLC46A2
C1orf111,SPDYC
C1orf111,SYCE3
C1orf111,TDRD9
C1orf115,IQCD
C1orf222,CCDC135
C1orf222,EHBP1L1
C1orf222,KIAA1257
C1orf222,KIAA1467
C1orf222,SAMD14
C22orf43,CDKN1A
C22orf43,DNAH7
C22orf43,GPR133
C22orf43,HCAR1
C22orf43,MROH1
C22orf43,RUVBL1-AS1
C22orf43,S1PR5
C22orf43,SAT1
C22orf43,SHROOM1
C2orf48,RBMS3
C2orf48,RBPMS2
C2orf88,C8orf88
C2orf88,CCNJL
C2orf88,EFHD2
C2orf88,FAM212B
C2orf88,FKBP9
C2orf88,GPR63
C2orf88,KIAA0513
C2orf88,KIAA1467
C2orf88,LRRC3DN
C2orf88,LYPD2
C2orf88,MAK
C2orf88,MAPK8IP2
C2orf88,MIDN
C2orf88,NKG7
C2orf88,OGFRL1
C2orf88,PIP5K1B
C2orf88,PRKAR2B
C2orf88,RAB32
C2orf88,RAB44
C2orf88,RAPGEFL1
C2orf88,RFPL4A
C2orf88,SDPR
C2orf88,SH3BGRL2
C2orf88,SH3BP5L
C2orf88,SLC46A2
C2orf88,SNX24
C2orf88,SPDYC
C2orf88,TNS3
C2orf88,TTC7B
C2orf88,VEPH1
C6orf25,CD151
C6orf25,CD1A
C6orf25,CD300A
C6orf25,CD68
C6orf25,CD74
C6orf25,CD79A
C6orf25,CD79B
C6orf25,CD93
C6orf25,CLEC4G
C6orf25,CTB-61M7.2
C6orf25,FCAR
C6orf25,FCGR1A
C6orf25,FCGR3A
C6orf25,GNG11
C6orf25,GP1BA
C6orf25,GP6
C6orf25,GP9
C6orf25,GZMH
C6orf25,IGLL5
C6orf25,IGSF6
C6orf25,ISG15
C6orf25,KIR3DL2
C6orf25,LAIR2
C6orf25,LILRA4
C6orf25,LILRB4
C6orf25,LILRB5
C6orf25,MFI2
C6orf25,MMD
C6orf25,MPEG1
C6orf25,MPP3
C6orf25,MS4A1
C6orf25,MS4A6A
C6orf25,PNMT
C6orf25,PVRL2
C6orf25,SEMA3C
C6orf25,SIGLEC1
C6orf25,SIGLEC12
C6orf25,SIRPB2
C6orf25,ST3GAL6
C6orf25,TMPRSS13
C6orf25,TYROBP
C6orf25,VPREB1
C6orf25,VSIG4
C8orf88,CAND2
C8orf88,CTDSPL
C8orf88,CUEDC1
C8orf88,CYB561A3
C8orf88,ELF3
C8orf88,FAM127C
C8orf88,FAM46B
C8orf88,FKBP9
C8orf88,IER2
C8orf88,IRF8
C8orf88,KIF15
C8orf88,L3MBTL4
C8orf88,MIDN
C8orf88,RFPL4A
C8orf88,RFX8
C8orf88,RNF175
C8orf88,SH3BP5L
C8orf88,TDRD9
C8orf88,TFAP2E
C8orf88,TRIM45
C8orf88,TRIM58
C8orf88,ZNF132
C8orf88,ZNF503
C8orf88,ZNF547
C8orf88,ZNF562
C9orf89,MAP3K7CL
CABP5,CACNA1H
CABP5,CALD1
CABP5,CATSPER1
CABP5,EPDR1
CABP5,FKBP9
CABP5,GUCY2D
CABP5,INPP5A
CABP5,NCS1
CABP5,PARVB
CABP5,PRKCDBP
CABP5,RBP7
CABP5,RCVRN
CABP5,S100A12
CABP5,S100A6
CABP5,S100B
CABP5,SDPR
CACNA1H,CALD1
CACNA1H,CATSPER1
CACNA1H,CHRNA2
CACNA1H,CLCN4
CACNA1H,ENKUR
CACNA1H,FAM26F
CACNA1H,GRIN2C
CACNA1H,HCN3
CACNA1H,HVCN1
CACNA1H,KCNA5
CACNA1H,KCNE3
CACNA1H,KCNG2
CACNA1H,KCNH8
CACNA1H,KCNK1
CACNA1H,KCNK17
CACNA1H,NCS1
CACNA1H,SCN1B
CACNA1H,SCN9A
CACNA1H,SDPR
CACNA1H,SLC17A9
CACNA1H,SLC1A3
CACNA1H,SLC32A1
CACNA1H,SLC8A3
CACNA1H,TNNT1
CACNA1H,TRPM4
CALD1,DYSF
CALD1,FAM26F
CALD1,GSN
CALD1,MYL9
CALD1,MYLK
CALD1,MYO7A
CALD1,NCS1
CALD1,PPP1R14A
CALD1,SAMD14
CALD1,SDPR
CALD1,SLC8A3
CALD1,TNNC2
CALD1,TNNT1
CALD1,TNS1
CALD1,TPD52L1
CALD1,TPM1
CALD1,TPM2
CALD1,TPM4
CALD1,VIL1
CAND2,CUEDC1
CAND2,FAM46B
CAND2,JDP2
CAND2,RFPL4A
CAND2,SPDYC
CAND2,TFAP2E
CAND2,TRIM45
CAND2,ZNF562
CAPG,M1AP
CAST,CNRIP1
CAST,EPDR1
CAST,FADS2
CAST,GRAP2
CAST,HOMER3
CAST,IQSEC2
CAST,NRG1
CAST,RAB11FIP1
CAST,RAB13
CAST,RAB32
CAST,RAB44
CAST,RAB9B
CAST,RASGRP4
CAST,RASSF4
CAST,RUSC2
CAST,SDPR
CATSPER1,NCS1
CATSPER1,SLC8A3
CBLN3,CCDC149
CBLN3,CD300LB
CBLN3,CLEC1B
CBLN3,CLNK
CBLN3,CYP1B1-AS1
CBLN3,HK3
CBLN3,IRX3
CBLN3,LY6G6F
CBLN3,PLXNB2
CBLN3,RUVBL1-AS1
CBLN3,SAT1
CBLN3,SLC24A3
CBLN3,TCL1A
CCDC135,KIAA0513
CCDC135,TDRD9
CCDC135,TDRP
CCDC149,CCDC153
CCDC149,CCDC170
CCDC149,CCDC24
CCDC149,CCND2-AS1
CCDC149,CDKN1A
CCDC149,CLEC1B
CCDC149,DNAH7
CCDC149,KIAA1257
CCDC149,LINC00671
CCDC149,LINC00677
CCDC149,LINC00853
CCDC149,LINC00926
CCDC149,LINC00937
CCDC149,LINC00968
CCDC149,LINC00989
CCDC149,LINC01036
CCDC149,SAT1
CCDC149,SLC25A35
CCDC149,TCL1A
CCDC153,CUEDC1
CCDC153,ZCCHC24
CCL3,CCL4
CCL3,CCL5
CCL3,CCR10
CCL3,CCR8
CCL3,CD163
CCL3,CD68
CCL3,CD74
CCL3,CD93
CCL3,CLEC10A
CCL3,CLEC4C
CCL3,CLEC4D
CCL3,CLEC4E
CCL3,CLEC4G
CCL3,CLEC5A
CCL3,CXCL10
CCL3,CXCL3
CCL3,CXCL5
CCL3,CXCR2
CCL3,IL17A
CCL3,IL17RA
CCL3,IL1B
CCL3,IL1RN
CCL3,IL32
CCL3,IL3RA
CCL3,MARCO
CCL3,SIGLEC1
CCL3,TLR6
CCL3,TLR8
CCL3,XCL1
CCL3,XCL2
CCL4,CCL5
CCL4,CCR10
CCL4,CCR8
CCL4,CD74
CCL4,CLEC4E
CCL4,CXCL10
CCL4,CXCL3
CCL4,CXCL5
CCL4,CXCR2
CCL4,IL17A
CCL4,IL32
CCL4,PF4V1
CCL4,XCL1
CCL4,XCL2
CCL5,CCR10
CCL5,CCR8
CCL5,CD74
CCL5,CLEC10A
CCL5,CLEC4C
CCL5,CLEC4D
CCL5,CLEC4E
CCL5,CLEC4G
CCL5,CLEC5A
CCL5,CMTM5
CCL5,CXCL10
CCL5,CXCL3
CCL5,CXCL5
CCL5,CXCR2
CCL5,HCK
CCL5,IL17A
CCL5,PF4
CCL5,XCL1
CCL5,XCL2
CCND2-AS1,CDKN1A
CCND2-AS1,CYP1B1-AS1
CCND2-AS1,FAM212B-AS1
CCND2-AS1,GRM7-AS1
CCND2-AS1,HHIP-AS1
CCND2-AS1,IDH1-AS1
CCND2-AS1,LINC00936
CCND2-AS1,MPRIP-AS1
CCND2-AS1,NEXN-AS1
CCND2-AS1,PRRT3-AS1
CCND2-AS1,RUVBL1-AS1
CCND2-AS1,TCL1A
CCND2-AS1,TRAM2-AS1
CCNJL,CDKN2B
CCNJL,CTDSPL
CCNJL,MIDN
CCNJL,SH3BP5L
CCNJL,SPDYC
CCNJL,SYCE3
CCNJL,TCL1B
CCNJL,TNS3
CCNJL,ZNF132
CCNJL,ZNF503
CCNJL,ZNF547
CCNJL,ZNF562
CCR10,CCR8
CCR10,CLEC10A
CCR10,CLEC4C
CCR10,CLEC4D
CCR10,CLEC4E
CCR10,CLEC4G
CCR10,CLEC5A
CCR10,CXCL10
CCR10,CXCL3
CCR10,CXCL5
CCR10,CXCR2
CCR10,GRK4
CCR10,HCK
CCR10,XCL1
CCR10,XCL2
CCR8,CD163
CCR8,CD1A
CCR8,CD68
CCR8,CD74
CCR8,CLEC4C
CCR8,CLEC4E
CCR8,CLEC4G
CCR8,CMTM2
CCR8,CMTM5
CCR8,CXCL10
CCR8,CXCL3
CCR8,CXCL5
CCR8,CXCR2
CCR8,IL17RA
CCR8,IL32
CCR8,IL3RA
CCR8,LILRB4
CCR8,MARCO
CCR8,PTCRA
CCR8,TLR6
CCR8,TLR8
CCR8,TREM1
CCR8,XCL1
CCR8,XCL2
CD151,CD160
CD151,CD1A
CD151,CD207
CD151,CD300A
CD151,CD300E
CD151,CD36
CD151,CD68
CD151,CD74
CD151,CD9
CD151,CD93
CD151,CDC42EP1
CD151,CLDN23
CD151,CLDN5
CD151,CLEC10A
CD151,CLEC4C
CD151,CLEC4D
CD151,CLEC4E
CD151,CLEC4G
CD151,CLEC5A
CD151,CMTM5
CD151,CTTN
CD151,DLG5
CD151,DOCK1
CD151,DOCK5
CD151,ENTPD1
CD151,EPDR1
CD151,EPHB2
CD151,ESAM
CD151,GNG11
CD151,GP6
CD151,HOMER3
CD151,HP
CD151,IGSF6
CD151,ILK
CD151,ISG15
CD151,ITGB3
CD151,ITGB5
CD151,ITSN1
CD151,JAM3
CD151,LGALS2
CD151,LGALS3
CD151,LIMS1
CD151,MFI2
CD151,MPP3
CD151,MS4A1
CD151,MS4A6A
CD151,MS4A7
CD151,NRG1
CD151,NRP2
CD151,PCDH1
CD151,PCSK6
CD151,PDGFC
CD151,PDZD2
CD151,PNMT
CD151,PTPN14
CD151,PTPRN
CD151,PVRL2
CD151,RAB11FIP1
CD151,RAB13
CD151,S100A12
CD151,S100A6
CD151,S100A8
CD151,S100A9
CD151,S100B
CD151,SASH1
CD151,SDC3
CD151,SEMA3C
CD151,SIGLEC1
CD151,SIGLEC12
CD151,SIGLEC15
CD151,SIRPA
CD151,SLC17A9
CD151,SLC46A2
CD151,ST14
CD151,ST3GAL6
CD151,STAB1
CD151,TLN1
CD151,TMEM150B
CD151,TMEM8B
CD151,TMPRSS13
CD151,TNFSF4
CD151,TNS1
CD151,TPD52L1
CD151,TYROBP
CD160,CD163
CD160,CD1A
CD160,CD207
CD160,CD300A
CD160,CD300E
CD160,CD68
CD160,CD93
CD160,GZMA
CD160,KIR3DL2
CD160,KLRB1
CD160,KLRC1
CD160,KLRD1
CD163,CD1A
CD163,CD207
CD163,CD36
CD163,CD68
CD163,CD74
CD163,CD93
CD163,CLEC4G
CD163,CSF3R
CD163,CTB-61M7.2
CD163,CXCR2
CD163,FCAR
CD163,FCGR1A
CD163,FCGR3A
CD163,FPR1
CD163,HCK
CD163,MARCO
CD163,MMD
CD163,SCARF1
CD163,SIGLEC1
CD163,SIGLEC12
CD163,STAB1
CD1A,CD207
CD1A,CD300A
CD1A,CD300E
CD1A,CD36
CD1A,CD68
CD1A,CD74
CD1A,CD79A
CD1A,CD9
CD1A,CD93
CD1A,CLEC10A
CD1A,CLEC4C
CD1A,CLEC4D
CD1A,CLEC4E
CD1A,CLEC4G
CD1A,CLEC5A
CD1A,CTB-61M7.2
CD1A,DLG5
CD1A,EPDR1
CD1A,EPHB2
CD1A,FCAR
CD1A,FCGR1A
CD1A,GP9
CD1A,HLA-DMA
CD1A,HLA-DPA1
CD1A,HLA-DQA1
CD1A,HLA-DQA2
CD1A,HLA-DRB5
CD1A,LGALS2
CD1A,LGALS3
CD1A,MS4A1
CD1A,MS4A6A
CD1A,PCDH1
CD1A,PNMT
CD1A,PVRL2
CD1A,SIGLEC1
CD1A,SIGLEC12
CD1A,ST3GAL6
CD1A,STAB1
CD207,CD68
CD207,CD74
CD207,CD93
CD207,CLEC10A
CD207,CLEC4C
CD207,CLEC4D
CD207,CLEC4E
CD207,CLEC4G
CD207,CLEC5A
CD207,FCER2
CD207,ISG15
CD207,LAIR2
CD207,LGALS2
CD207,LGALS3
CD207,LILRA4
CD207,LILRB4
CD207,LILRB5
CD207,PNMT
CD207,PVRL2
CD207,SIGLEC1
CD300A,CD300E
CD300A,CD300LB
CD300A,CD68
CD300A,CD74
CD300A,CD79A
CD300A,CD79B
CD300A,CD9
CD300A,CD93
CD300A,CLEC10A
CD300A,CLEC4D
CD300A,CTB-61M7.2
CD300A,FCAR
CD300A,FCGR1A
CD300A,FCGR3A
CD300A,LILRA4
CD300A,MS4A1
CD300E,CD300LB
CD300E,CD36
CD300E,CD68
CD300E,CD74
CD300E,CD9
CD300E,CD93
CD300E,IL32
CD300E,MFI2
CD300E,TYROBP
CD300LB,CDKN1A
CD300LB,CLEC1B
CD300LB,KIAA0125
CD36,CD68
CD36,CD74
CD36,CD9
CD36,CD93
CD36,CFP
CD36,CLEC10A
CD36,CLEC4C
CD36,CLEC4D
CD36,CLEC4E
CD36,CLEC4G
CD36,CLEC5A
CD36,EPDR1
CD36,GP1BA
CD36,GP6
CD36,GP9
CD36,HSPG2
CD36,ITGA2B
CD36,PC
CD36,PCDH1
CD36,PDGFC
CD36,PF4
CD36,PF4V1
CD36,PLA2G7
CD36,SCARF1
CD36,SERPING1
CD36,SIGLEC1
CD36,SIGLEC12
CD36,ST3GAL6
CD36,STAB1
CD36,THBS1
CD36,VWF
CD68,CD74
CD68,CD9
CD68,CD93
CD68,CFP
CD68,CLEC10A
CD68,CLEC4C
CD68,CLEC4D
CD68,CLEC4E
CD68,CLEC4F
CD68,CLEC4G
CD68,CLEC5A
CD68,CTB-61M7.2
CD68,CXCR2
CD68,DLG5
CD68,EPDR1
CD68,FCAR
CD68,FCGR3A
CD68,FPR1
CD68,GNG11
CD68,GNLY
CD68,GP6
CD68,GP9
CD68,IL32
CD68,ISG15
CD68,KLRB1
CD68,KLRC1
CD68,LAIR2
CD68,LGALS12
CD68,LGALS2
CD68,LGALS3
CD68,MARCO
CD68,MFI2
CD68,MMD
CD68,MS4A1
CD68,MS4A6A
CD68,PNMT
CD68,PVRL2
CD68,SCARF1
CD68,SIGLEC1
CD68,SIGLEC12
CD68,ST3GAL6
CD68,STAB1
CD68,TLR6
CD68,TLR8
CD68,TMEM150B
CD68,TNFSF4
CD68,TREM1
CD68,TYROBP
CD74,CD79A
CD74,CD79B
CD74,CD9
CD74,CD93
CD74,CFP
CD74,CLEC10A
CD74,CLEC4C
CD74,CLEC4D
CD74,CLEC4E
CD74,CLEC4G
CD74,CLEC5A
CD74,CLU
CD74,CMTM5
CD74,CSF3R
CD74,CTB-61M7.2
CD74,CTSS
CD74,CXCR2
CD74,DNAJC1
CD74,DOCK5
CD74,FCAR
CD74,FCER2
CD74,FCGR1A
CD74,FCGR3A
CD74,GZMB
CD74,GZMH
CD74,HLA-DQA2
CD74,HOMER3
CD74,IFI30
CD74,IL17A
CD74,IL17RA
CD74,IL1RN
CD74,IL32
CD74,IL3RA
CD74,ISG15
CD74,ITM2C
CD74,ITSN1
CD74,KIF13A
CD74,LAIR2
CD74,LIF
CD74,LILRA4
CD74,LILRB4
CD74,LILRB5
CD74,MARCO
CD74,MFI2
CD74,MMD
CD74,MPP4
CD74,MS4A1
CD74,MS4A6A
CD74,MS4A7
CD74,NFAM1
CD74,PNMT
CD74,RAB32
CD74,S100A12
CD74,S100A6
CD74,S100A8
CD74,S100A9
CD74,S100B
CD74,SAMHD1
CD74,SASH1
CD74,SIGLEC1
CD74,SIGLEC12
CD74,STAB1
CD74,TNFSF4
CD74,TREM1
CD74,TRPM2
CD74,TYROBP
CD74,VSIG4
CD74,XCL1
CD79A,CD79B
CD79A,CD93
CD79A,CTB-61M7.2
CD79A,FCAR
CD79A,FCER2
CD79A,FCGR1A
CD79A,FCGR3A
CD79A,IL3RA
CD79A,LAIR2
CD79A,LILRA4
CD79A,LILRB4
CD79A,LILRB5
CD79A,MS4A1
CD79A,VPREB1
CD79A,VPREB3
CD79A,VSIG4
CD79B,CD93
CD79B,CTB-61M7.2
CD79B,FCAR
CD79B,FCER2
CD79B,FCGR3A
CD79B,IL3RA
CD79B,LAIR2
CD79B,LILRA4
CD79B,LILRB4
CD79B,LILRB5
CD79B,VPREB1
CD79B,VPREB3
CD79B,VSIG4
CD9,CD93
CD9,CLDN23
CD9,CLEC10A
CD9,CLEC4C
CD9,CLEC4D
CD9,CLEC4E
CD9,CLEC5A
CD9,CMTM2
CD9,CMTM5
CD9,DLG5
CD9,DOCK5
CD9,EPDR1
CD9,EPHB2
CD9,GNG11
CD9,GP6
CD9,GP9
CD9,LGALS2
CD9,LGALS3
CD9,MFI2
CD9,MS4A1
CD9,MS4A6A
CD9,MS4A7
CD9,PCDH1
CD9,PDGFC
CD9,PNMT
CD9,PVRL2
CD9,RAB13
CD9,RAB9B
CD9,S100A12
CD9,S100A8
CD9,S100A9
CD9,SDC3
CD9,SEMA3C
CD9,SLC17A9
CD9,ST3GAL6
CD9,STAB1
CD9,TMEM8B
CD9,TMPRSS13
CD9,TNS1
CD9,TPD52L1
CD9,TYROBP
CD93,CFP
CD93,CLDN23
CD93,CLEC10A
CD93,CLEC4C
CD93,CLEC4D
CD93,CLEC4E
CD93,CLEC4G
CD93,CLEC5A
CD93,CTB-61M7.2
CD93,DLG5
CD93,DNAJC1
CD93,DOCK5
CD93,EPDR1
CD93,FCAR
CD93,FCGR3A
CD93,GNG11
CD93,GP6
CD93,GP9
CD93,GZMA
CD93,GZMB
CD93,GZMK
CD93,IL32
CD93,ISG15
CD93,ITSN1
CD93,LAIR2
CD93,LGALS2
CD93,LGALS3
CD93,LIMS1
CD93,LRP1
CD93,MARCO
CD93,MFI2
CD93,MMD
CD93,MPP3
CD93,MS4A1
CD93,MS4A6A
CD93,NFAM1
CD93,PCDH1
CD93,PNMT
CD93,PVRL2
CD93,RAB13
CD93,S100A12
CD93,S100A8
CD93,S100A9
CD93,SEMA3C
CD93,SIGLEC1
CD93,SIGLEC12
CD93,SIRPA
CD93,STAB1
CD93,TLN1
CD93,TYROBP
CD93,VSIG4
CDA,NT5C3A
CDC42EP1,DOCK1
CDC42EP1,DOCK5
CDC42EP1,EPDR1
CDC42EP1,HP
CDKN1A,CLEC1B
CDKN1A,CYP1B1-AS1
CDKN1A,ESPL1
CDKN1A,GPR133
CDKN1A,HHIP-AS1
CDKN1A,KIAA1257
CDKN1A,LINC00936
CDKN1A,LY6G6F
CDKN1A,MAFG
CDKN1A,MPRIP-AS1
CDKN1A,PPFIA4
CDKN1A,S1PR5
CDKN1A,SAT1
CDKN2B,CTTN
CDKN2B,DAB2
CDKN2B,HP
CDKN2B,ILK
CDKN2B,MAPK8IP2
CDKN2B,MYBL2
CDKN2B,NKD2
CDKN2B,PRKCDBP
CDKN2B,ST5
CDKN2B,TSC22D1
CEACAM3,EFHD2
CEACAM3,EHBP1L1
CEACAM3,FAM26F
CEACAM3,KIAA1467
CEACAM3,LRRC37A3
CEACAM3,LRRC3DN
CEACAM3,LSMEM1
CEACAM3,NKG7
CEACAM3,SERINC4
CEACAM3,SIGLEC15
CEACAM3,SLC35F3
CEACAM3,SLC46A2
CEACAM3,SMIM10
CEACAM3,SMIM5
CEACAM3,TMEM105
CEACAM3,TMEM176A
CEACAM3,TMEM176B
CEACAM3,TMEM210
CEACAM3,TMEM40
CEACAM3,TMEM91
CEBPD,CLEC4E
CEBPD,CREB5
CEBPD,ID1
CEBPD,IRF8
CEBPD,JUND
CEBPD,KAT2B
CEBPD,LRP1
CEBPD,MAX
CEBPD,MYBL2
CEBPD,PBX1
CEBPD,SATB2
CEBPD,SPI1
CEBPD,SPIB
CEBPD,ZFHX3
CETP,CHST8
CETP,CYP27A1
CETP,CYP3A5
CFD,INPP5A
CFD,KIF13A
CFD,PIP5K1B
CFD,RUFY1
CFD,SPHK1
CFP,CSF3R
CFP,FPR1
CFP,GP6
CFP,GP9
CFP,PC
CFP,PF4
CFP,PF4V1
CFP,PPBP
CFP,PVRL2
CFP,SERPING1
CFP,TFPI
CHRNA2,FADS2
CHRNA2,GABRD
CHRNA2,GRIN2C
CHRNA2,SCN1B
CHST13,CHST8
CHST13,CTSA
CHST13,GSTA1
CHST13,LGALS12
CHST13,LGALS2
CHST13,LGALS3
CHST13,NDST1
CHST13,SGMS2
CHST13,SLC17A9
CHST13,SLC43A2
CHST13,ST14
CHST13,ST3GAL6
CHST13,THNSL2
CHST8,CTSA
CHST8,GSTA1
CHST8,LGALS12
CHST8,LGALS2
CHST8,LGALS3
CHST8,NDST1
CHST8,PCSK6
CHST8,PTGDS
CHST8,SGMS2
CHST8,SLC17A9
CHST8,ST14
CHST8,ST3GAL6
CHST8,THNSL2
CKM,DGKG
CKM,MYLK
CKM,PRKAR2B
CLCN4,CLDN22
CLCN4,CLDN5
CLCN4,CLIC3
CLCN4,GRIK4
CLCN4,HCN3
CLCN4,KCNA5
CLCN4,KCNE3
CLCN4,KCNG2
CLCN4,KCNH8
CLCN4,KCNK1
CLCN4,KCNK17
CLCN4,SCN1B
CLDN22,CLDN23
CLDN22,CLDN5
CLDN22,CLEC10A
CLDN22,CLEC4C
CLDN22,CLEC4D
CLDN22,CLEC5A
CLDN22,CLIC3
CLDN22,CTTN
CLDN22,JAM3
CLDN22,PCDH1
CLDN22,PNMT
CLDN22,STON2
CLDN23,CLDN5
CLDN23,CLEC10A
CLDN23,CLEC4C
CLDN23,CLEC4D
CLDN23,CLEC4E
CLDN23,CLEC5A
CLDN23,CLIC3
CLDN23,CTTN
CLDN23,DLG5
CLDN23,EPDR1
CLDN23,HP
CLDN23,JAM3
CLDN23,PCDH1
CLDN23,PNMT
CLDN23,RAB13
CLDN23,SEMA3C
CLDN5,CLEC10A
CLDN5,CLEC4C
CLDN5,CLEC4D
CLDN5,CLEC4E
CLDN5,CLEC5A
CLDN5,CMTM5
CLDN5,DLG5
CLDN5,DOCK5
CLDN5,EPDR1
CLDN5,JAM3
CLDN5,PCDH1
CLDN5,PNMT
CLEC10A,CLEC1B
CLEC10A,CLEC4C
CLEC10A,CLEC4D
CLEC10A,CLEC4E
CLEC10A,CLEC4F
CLEC10A,CLEC4G
CLEC10A,CLEC5A
CLEC10A,CMTM5
CLEC10A,CXCL10
CLEC10A,EPDR1
CLEC10A,KLRB1
CLEC10A,KLRC1
CLEC10A,KLRD1
CLEC10A,LAIR2
CLEC10A,LGALS1
CLEC10A,LGALS12
CLEC10A,LGALS2
CLEC10A,LGALS3
CLEC10A,LILRB4
CLEC10A,PCDH1
CLEC10A,PNMT
CLEC10A,PVRL2
CLEC10A,SEMA3C
CLEC10A,SIGLEC1
CLEC10A,SIGLEC12
CLEC10A,ST3GAL6
CLEC10A,STAB1
CLEC10A,TLR6
CLEC10A,TLR8
CLEC10A,XCL1
CLEC1B,CLEC4C
CLEC1B,CLEC4D
CLEC1B,CLEC4E
CLEC1B,CLEC4F
CLEC1B,CLEC4G
CLEC1B,CLEC5A
CLEC1B,CYP1B1-AS1
CLEC1B,ESPL1
CLEC1B,HCAR1
CLEC1B,IER5L
CLEC1B,LINC00936
CLEC1B,LINC00937
CLEC1B,LINC00968
CLEC1B,LINC01036
CLEC1B,LY6G6F
CLEC1B,PLXNB2
CLEC1B,RUVBL1-AS1
CLEC1B,SAT1
CLEC1B,SLC24A3
CLEC1B,SLC25A35
CLEC1B,TCL1A
CLEC4C,CLEC4D
CLEC4C,CLEC4E
CLEC4C,CLEC4F
CLEC4C,CLEC4G
CLEC4C,CLEC5A
CLEC4C,CMTM5
CLEC4C,IL32
CLEC4C,KLRB1
CLEC4C,KLRC1
CLEC4C,LAIR2
CLEC4C,LGALS12
CLEC4C,LGALS2
CLEC4C,LGALS3
CLEC4C,LILRB4
CLEC4C,PNMT
CLEC4C,PVRL2
CLEC4C,SEMA3C
CLEC4C,SIGLEC1
CLEC4C,SIGLEC12
CLEC4C,ST3GAL6
CLEC4C,STAB1
CLEC4C,TLR6
CLEC4C,TLR8
CLEC4C,XCL1
CLEC4D,CLEC4E
CLEC4D,CLEC4F
CLEC4D,CLEC4G
CLEC4D,CLEC5A
CLEC4D,CMTM5
CLEC4D,CXCL5
CLEC4D,DLG5
CLEC4D,EPDR1
CLEC4D,IL32
CLEC4D,KIR3DL2
CLEC4D,KLRB1
CLEC4D,KLRC1
CLEC4D,KLRD1
CLEC4D,LAIR2
CLEC4D,LGALS1
CLEC4D,LGALS12
CLEC4D,LGALS2
CLEC4D,LGALS3
CLEC4D,LILRB4
CLEC4D,PCDH1
CLEC4D,PVRL2
CLEC4D,SEMA3C
CLEC4D,SIGLEC1
CLEC4D,SIGLEC12
CLEC4D,ST3GAL6
CLEC4D,STAB1
CLEC4D,TLR6
CLEC4D,TLR8
CLEC4D,XCL1
CLEC4E,CLEC4F
CLEC4E,CLEC4G
CLEC4E,CLEC5A
CLEC4E,CMTM2
CLEC4E,CMTM5
CLEC4E,CXCL5
CLEC4E,DLG5
CLEC4E,EPDR1
CLEC4E,EPHB2
CLEC4E,IL32
CLEC4E,ILK
CLEC4E,KIR3DL2
CLEC4E,KLHL14
CLEC4E,KLRB1
CLEC4E,KLRC1
CLEC4E,KLRC2
CLEC4E,KLRD1
CLEC4E,LAIR2
CLEC4E,LGALS12
CLEC4E,LGALS2
CLEC4E,LGALS3
CLEC4E,LILRB4
CLEC4E,MFI2
CLEC4E,MS4A1
CLEC4E,MS4A6A
CLEC4E,MS4A7
CLEC4E,NRP2
CLEC4E,PVRL2
CLEC4E,SEMA3C
CLEC4E,SIGLEC1
CLEC4E,SIGLEC12
CLEC4E,SLC17A9
CLEC4E,ST3GAL6
CLEC4E,STAB1
CLEC4E,TLR6
CLEC4E,TLR8
CLEC4E,TNFSF4
CLEC4E,XCL1
CLEC4F,CLEC4G
CLEC4F,CLEC5A
CLEC4F,CRISPLD2
CLEC4F,EFHD2
CLEC4F,EHD3
CLEC4F,GLB1L2
CLEC4F,GLT1D1
CLEC4F,IGSF6
CLEC4F,KIAA1467
CLEC4F,LGALS1
CLEC4F,LGALS2
CLEC4F,LGALS3
CLEC4F,LGALSL
CLEC4F,NKG7
CLEC4F,PLD4
CLEC4F,SERINC4
CLEC4F,SIGLEC1
CLEC4F,SIGLEC12
CLEC4F,SIGLEC15
CLEC4F,SLC46A2
CLEC4F,SPON2
CLEC4F,ST3GAL6
CLEC4F,XCL2
CLEC4G,CLEC5A
CLEC4G,CXCR2
CLEC4G,F2RL3
CLEC4G,FCER2
CLEC4G,GP6
CLEC4G,KIR3DL2
CLEC4G,KLRB1
CLEC4G,KLRC1
CLEC4G,KLRC2
CLEC4G,LAIR2
CLEC4G,LGALS12
CLEC4G,LGALS2
CLEC4G,LGALS3
CLEC4G,LILRB4
CLEC4G,LILRB5
CLEC4G,PNMT
CLEC4G,PVRL2
CLEC4G,SIGLEC1
CLEC4G,SIGLEC12
CLEC4G,ST3GAL6
CLEC4G,STAB1
CLEC4G,TLR6
CLEC4G,TLR8
CLEC4G,TYROBP
CLEC4G,VSIG4
CLEC5A,CMTM5
CLEC5A,CXCL5
CLEC5A,DLG5
CLEC5A,KLRB1
CLEC5A,KLRC1
CLEC5A,LAIR2
CLEC5A,LGALS1
CLEC5A,LGALS12
CLEC5A,LGALS2
CLEC5A,LGALS3
CLEC5A,PCDH1
CLEC5A,PNMT
CLEC5A,PVRL2
CLEC5A,SEMA3C
CLEC5A,SIGLEC1
CLEC5A,SIGLEC12
CLEC5A,ST3GAL6
CLEC5A,STAB1
CLEC5A,TLR6
CLEC5A,XCL1
CLIC3,HCN3
CLIC3,KCNE3
CLIC3,SLC8A3
CLMN,FAM26F
CLMN,L3MBTL4
CLMN,MYCL
CLMN,SAMD14
CLMN,SOGA2
CLMN,TLN1
CLNK,LINC00853
CLU,TRPM2
CMKLR1,LURAP1
CMKLR1,MIDN
CMTM2,CMTM5
CMTM2,CXCL3
CMTM2,CXCL5
CMTM2,MS4A1
CMTM2,MS4A6A
CMTM2,MS4A7
CMTM2,SEMA6B
CMTM2,XCL1
CMTM5,CXCL3
CMTM5,CXCL5
CMTM5,DOCK5
CMTM5,GZMH
CMTM5,MS4A1
CMTM5,MS4A6A
CMTM5,MS4A7
CMTM5,NFAM1
CMTM5,PF4V1
CMTM5,PNMT
CMTM5,SLC17A9
CMTM5,TMEM150B
CMTM5,TNFSF4
CMTM5,XCL1
COL7A1,ECM1
COL7A1,FCN1
COL7A1,GP6
COL7A1,ITGA2B
CPVL,CTSA
CPVL,CTSS
CPVL,PCSK6
CRB2,DOCK5
CRB2,GRAP2
CRB2,RAB13
CRB2,RAB9B
CRB2,RBP7
CREB5,KAT2B
CREB5,MYBL2
CREB5,SPIB
CRISPLD2,EFHD2
CRISPLD2,EHD3
CRISPLD2,EPDR1
CRISPLD2,GLB1L2
CRISPLD2,GLT1D1
CRISPLD2,LGALSL
CRISPLD2,LYPD2
CRISPLD2,SLC46A2
CRISPLD2,SNX24
CRISPLD2,TRAPPC3L
CRYM,GUCY2D
CSF3R,CTB-61M7.2
CSF3R,CXCL3
CSF3R,CXCR2
CSF3R,FCAR
CSF3R,FCER2
CSF3R,FCGR1A
CSF3R,FCGR3A
CSF3R,IL17A
CSF3R,IL3RA
CSF3R,PF4V1
CSF3R,TNFSF4
CST3,CST7
CST3,CTSA
CST3,CTSS
CST3,PCSK6
CST3,ST14
CST7,CTSA
CST7,CTSS
CST7,PCSK6
CST7,SERPINA1
CST7,ST14
CTB-61M7.2,FCAR
CTB-61M7.2,FCER1A
CTB-61M7.2,FCER1G
CTB-61M7.2,FCER2
CTB-61M7.2,FCGR1A
CTB-61M7.2,FCGR3A
CTB-61M7.2,FPR1
CTB-61M7.2,LAIR2
CTB-61M7.2,LILRB4
CTB-61M7.2,MARCO
CTB-61M7.2,NFAM1
CTB-61M7.2,SIGLEC1
CTB-61M7.2,TREM1
CTDSPL,DUSP23
CTDSPL,JDP2
CTDSPL,MYCL
CTDSPL,PINLYP
CTDSPL,PLA2G16
CTDSPL,PLD4
CTDSPL,PPP2CB
CTDSPL,REN
CTDSPL,RFPL4A
CTDSPL,SERINC2
CTDSPL,SLC46A2
CTDSPL,SMPD3
CTDSPL,SNX24
CTDSPL,SPDYC
CTDSPL,SPON2
CTDSPL,TCFL5
CTDSPL,TDRD9
CTDSPL,TFAP2E
CTDSPL,TNS3
CTDSPL,TPD52L1
CTDSPL,TRIM45
CTDSPL,ZNF114
CTDSPL,ZNF470
CTDSPL,ZNF547
CTDSPL,ZNF562
CTRC,CTSA
CTRC,CTSS
CTRC,GZMH
CTRC,PRSS1
CTRC,PRSS23
CTRC,PRSS3
CTRC,TMPRSS13
CTSA,CTSS
CTSA,GSTA1
CTSA,GZMB
CTSA,GZMH
CTSA,JOSD2
CTSA,LGALS2
CTSA,LGALS3
CTSA,NDST1
CTSA,PCSK6
CTSA,PRSS1
CTSA,PRSS23
CTSA,PRSS3
CTSA,PRSS57
CTSA,S100A9
CTSA,SERPINA1
CTSA,SLC17A9
CTSA,SLC22A16
CTSA,ST14
CTSA,ST3GAL6
CTSA,THNSL2
CTSA,TMPRSS13
CTSA,TPSAB1
CTSA,TSC22D1
CTSS,ELANE
CTSS,GZMB
CTSS,GZMH
CTSS,IFI30
CTSS,MMP14
CTSS,MMP9
CTSS,PCSK6
CTSS,PRSS1
CTSS,PRSS23
CTSS,PRSS3
CTSS,PRSS57
CTSS,SASH1
CTSS,SERPINA1
CTSS,SLPI
CTSS,ST14
CTSS,TMPRSS13
CTSS,TPSAB1
CTTN,ITSN1
CTTN,PNMT
CTTN,S100A8
CTTN,ST5
CTTN,TLN1
CTTN,TNS1
CUEDC1,NEURL1B
CUEDC1,RFPL4A
CUEDC1,RNF175
CUEDC1,TRIM45
CUEDC1,TRIM58
CUEDC1,TRIM74
CUEDC1,UBE2C
CUEDC1,UBE2M
CUEDC1,ZCCHC24
CUX2,DLX2
CUX2,HOXA4
CUX2,LHX1
CUX2,PTX3
CUX2,SEZ6
CUX2,VENTX
CUX2,ZFHX3
CXCL10,CXCL3
CXCL10,CXCL5
CXCL10,CXCR2
CXCL10,GZMB
CXCL10,MARCO
CXCL10,PF4
CXCL10,TLR8
CXCL10,TREM1
CXCL10,XCL1
CXCL10,XCL2
CXCL3,CXCL5
CXCL3,CXCR2
CXCL3,GZMB
CXCL3,MARCO
CXCL3,PF4
CXCL3,PPBP
CXCL3,TREM1
CXCL3,XCL1
CXCL3,XCL2
CXCL5,CXCR2
CXCL5,IL17A
CXCL5,PF4
CXCL5,PF4V1
CXCL5,PPBP
CXCL5,XCL1
CXCL5,XCL2
CXCR2,F2RL3
CXCR2,IL17A
CXCR2,IL17RA
CXCR2,IL1B
CXCR2,IL1RN
CXCR2,IL32
CXCR2,IL3RA
CXCR2,ILK
CXCR2,LAIR2
CXCR2,LILRB4
CXCR2,LILRB5
CXCR2,MARCO
CXCR2,PF4
CXCR2,PF4V1
CXCR2,STAB1
CXCR2,TLR8
CXCR2,VEGFA
CXCR2,XCL1
CXCR2,XCL2
CYB561A3,CYP1B1-AS1
CYB561A3,GLT1D1
CYB561A3,KIAA0513
CYB561A3,KIAA1467
CYB561A3,MAP1A
CYB561A3,NEURL1B
CYB561A3,RFPL4A
CYB561A3,RNF175
CYB561A3,SLC11A1
CYB561A3,SLC46A2
CYB561A3,TDRD9
CYB561A3,TRIM45
CYB561A3,TRIM74
CYP1B1,CYP1B1-AS1
CYP1B1,CYP27A1
CYP1B1,CYP3A5
CYP1B1,GSTA1
CYP1B1,HGD
CYP1B1,LST1
CYP1B1,MAOB
CYP1B1,PAH
CYP1B1-AS1,CYP27A1
CYP1B1-AS1,CYP3A5
CYP1B1-AS1,ESPL1
CYP1B1-AS1,FAM212B-AS1
CYP1B1-AS1,GRM7-AS1
CYP1B1-AS1,HCAR1
CYP1B1-AS1,HHIP-AS1
CYP1B1-AS1,IDH1-AS1
CYP1B1-AS1,LINC00936
CYP1B1-AS1,MPRIP-AS1
CYP1B1-AS1,NEXN-AS1
CYP1B1-AS1,PRRT3-AS1
CYP1B1-AS1,RUVBL1-AS1
CYP1B1-AS1,SAT1
CYP1B1-AS1,SHROOM1
CYP1B1-AS1,SLC24A3
CYP1B1-AS1,SLC25A35
CYP1B1-AS1,TCL1A
CYP1B1-AS1,TRAM2-AS1
CYP27A1,CYP3A5
CYP27A1,GSTA1
CYP27A1,LST1
CYP27A1,MAOB
CYP27A1,SCO2
CYP27A1,TYMP
CYP3A5,GSTA1
CYP3A5,LST1
CYP3A5,MAOB
DAB2,FGR
DAB2,GRAP2
DAB2,GRB14
DAB2,HP
DAB2,PRKCDBP
DAB2,PTPN18
DAB2,RASGRP4
DAB2,SIRPA
DAB2,ST5
DAB2,TPD52L1
DAB2,TYROBP
DERL3,EHD3
DERL3,EPDR1
DERL3,FRMD3
DERL3,HOMER3
DERL3,LGALS2
DERL3,LGALS3
DERL3,NRP2
DERL3,ST5
DERL3,TRAPPC3L
DGKG,DLG5
DGKG,DOCK5
DGKG,DYRK3
DGKG,GNG11
DGKG,GRK4
DGKG,HGD
DGKG,MAPK8IP2
DGKG,MYLK
DGKG,PDE5A
DGKG,PTGDR
DGKG,PTGDS
DGKG,PYGL
DGKG,RGS18
DGKG,RGS6
DGKG,SGMS2
DGKG,SPHK1
DLG5,DOCK5
DLG5,DYRK3
DLG5,DYSF
DLG5,EPDR1
DLG5,GNG11
DLG5,GRAP2
DLG5,GUCY2D
DLG5,HP
DLG5,ILK
DLG5,LEFTY1
DLG5,LGALS12
DLG5,LGALS2
DLG5,LGALS3
DLG5,LIMS1
DLG5,MPP3
DLG5,MYLK
DLG5,NKD2
DLG5,PCDH1
DLG5,PDGFA
DLG5,PDGFC
DLG5,PDLIM1
DLG5,PDZD2
DLG5,PKD1L1
DLG5,PTGDR
DLG5,RAB13
DLG5,RGS6
DLG5,SDPR
DLG5,SEMA3C
DLG5,ST5
DLG5,STAB1
DLG5,TPD52L1
DLX2,HLX
DLX2,HOXA4
DLX2,MEIS1
DNAH12,EHBP1L1
DNAH12,EHD3
DNAH12,KIF13A
DNAH12,KIF15
DNAH12,SAMD14
DNAH12,SNX24
DNAH12,TRIM58
DNAH7,DTX2
DNAH7,GRM7-AS1
DNAH7,HBD
DNAH7,HCAR1
DNAH7,HCG20
DNAH7,HCG25
DNAH7,HHIP-AS1
DNAH7,HK3
DNAH7,ID3
DNAH7,IDH1-AS1
DNAH7,IER5L
DNAH7,LINC00677
DNAH7,LINC00937
DNAH7,LY6G6F
DNAH7,NPIPA7
DNAJB13,DNAJC1
DNAJB13,DNAJC28
DNAJB13,HSPB3
DNAJC1,DNAJC28
DNAJC1,GZMH
DNAJC1,ITSN1
DNAJC28,HSPB3
DNAJC28,ID3
DNAJC28,JADE3
DNASE1L3,ELANE
DNASE1L3,GZMB
DNASE1L3,GZMH
DNASE1L3,LRP1
DNASE1L3,NOL3
DNASE1L3,NT5C3A
DNTT,NT5C3A
DOCK1,DOCK5
DOCK1,HP
DOCK1,KIF13A
DOCK1,OPHN1
DOCK1,RAB11FIP1
DOCK1,RAB13
DOCK1,RAB9B
DOCK1,RASSF4
DOCK1,ST5
DOCK5,DYRK3
DOCK5,EPDR1
DOCK5,FGR
DOCK5,GRAP2
DOCK5,GRK4
DOCK5,HCK
DOCK5,HP
DOCK5,ILK
DOCK5,KIF13A
DOCK5,MPP3
DOCK5,NKD2
DOCK5,OPHN1
DOCK5,PDZD2
DOCK5,RAB11FIP1
DOCK5,RAB13
DOCK5,RAB32
DOCK5,RAB9B
DOCK5,RASGRP4
DOCK5,RASSF4
DOCK5,RGS6
DOCK5,SASH1
DOCK5,ST5
DRD4,GABRD
DRD4,GPR56
DRD4,GRK4
DTNA,DYSF
DTNA,SLC17A9
DTNA,TNNT1
DTNA,TPM2
DTX2,IRX3
DTX2,LINC00936
DTX2,NEXN-AS1
DTX2,PLXNB2
DTX2,TRAM2-AS1
DUSP23,ENTPD1
DUSP23,G0S2
DUSP23,GLT1D1
DUSP23,HRASLS
DUSP23,INPP5A
DUSP23,MAP1A
DUSP23,MBOAT2
DUSP23,MPPED2
DUSP23,PID1
DUSP23,PINLYP
DUSP23,PIP5K1B
DUSP23,PLA2G16
DUSP23,PLD4
DUSP23,PPP1R14A
DUSP23,PTPN14
DUSP23,PTPN18
DUSP23,PTPRN
DUSP23,SERINC2
DUSP23,SERINC4
DUSP23,SH3BP5L
DUSP23,SMPD3
DUSP23,SNX24
DUSP23,SPHK1
DUSP23,TCL1B
DUSP23,TNS3
DUSP23,TPD52L1
DUSP23,TRIM45
DUSP23,TTC7B
DUSP23,VEPH1
DYRK3,GRAP2
DYRK3,GRK4
DYRK3,MYBL2
DYRK3,PTPN18
DYRK3,SPHK1
DYRK3,TCL1B
DYRK3,TYROBP
DYSF,GSN
DYSF,MYO7A
ECM1,EGFL7
ECM1,EMILIN2
ECM1,EPDR1
ECM1,EVC2
ECM1,FBN1
ECM1,HSPG2
ECM1,LRRC48
ECM1,MMP14
ECM1,MMP9
ECM1,NRP2
ECM1,PNMT
ECM1,SASH1
ECM1,SPARC
ECM1,STAB1
ECM1,VCAN
ECM1,VIT
EDEM3,HK3
EDEM3,SLC24A3
EDN1,EGFL7
EDN1,EPDR1
EDN1,PDE5A
EDN1,PDGFA
EDN1,PF4V1
EDN1,PTGS1
EDN1,S1PR3
EDN1,SERPINA1
EDN1,SERPINF1
EDN1,SERPING1
EDN1,TAC3
EDN1,VEGFA
EFHD2,EHBP1L1
EFHD2,EHD3
EFHD2,EMILIN2
EFHD2,EPDR1
EFHD2,ESAM
EFHD2,KIAA1467
EFHD2,LYPD2
EFHD2,PCDH1
EFHD2,TMEM8B
EFHD2,VEPH1
EGFL7,EPHB2
EGFL7,EREG
EGFL7,FGFBP2
EGFL7,HBEGF
EGFL7,IGFBP7
EGFL7,IL17A
EGFL7,ILK
EGFL7,LRRC48
EGFL7,NODAL
EGFL7,NRP2
EGFL7,PDGFA
EGFL7,PDGFC
EGFL7,PDGFRA
EGFL7,PF4V1
EGFL7,PTGS1
EGFL7,S1PR3
EGFL7,SEMA3C
EGFL7,SERPINF1
EGFL7,ST14
EGFL7,STAB1
EGFL7,VEGFA
EHBP1L1,EHD3
EHBP1L1,FKBP9
EHBP1L1,IER2
EHBP1L1,KIAA0513
EHBP1L1,KIAA1467
EHBP1L1,KIF15
EHBP1L1,LRRC37A3
EHBP1L1,LRRC3DN
EHBP1L1,LSMEM1
EHBP1L1,LYPD2
EHBP1L1,MAP3K7CL
EHBP1L1,MARVELD1
EHBP1L1,NEURL1B
EHBP1L1,SH3BGRL2
EHBP1L1,SIGLEC15
EHBP1L1,SNX24
EHBP1L1,SOGA2
EHBP1L1,STRIP2
EHBP1L1,TMEM105
EHBP1L1,TMEM210
EHBP1L1,TMEM40
EHBP1L1,TMEM91
EHBP1L1,VEPH1
EHD3,EPDR1
EHD3,EPHB2
EHD3,EXOC3L1
EHD3,FAM26F
EHD3,HOMER3
EHD3,KIAA1467
EHD3,LINC00610
EHD3,NEURL1B
EHD3,PLD4
EHD3,RNF175
EHD3,RNF215
EHD3,SH3BGRL2
EHD3,SLC46A2
EHD3,SMPD3
EHD3,SNX24
EHD3,TMEM91
EHD3,TRAPPC3L
EHD3,TRIM58
EHD3,VEPH1
EHD3,WDHD1
EHD3,ZDHHC1
ELANE,GZMB
ELANE,GZMH
ELANE,LYZ
ELANE,MMP14
ELANE,MMP9
ELANE,PRSS57
ELANE,SERPINA1
ELANE,ST14
ELF3,IER2
ELF3,IFI27
ELF3,IRF7
ELF3,JDP2
ELF3,L3MBTL4
ELF3,MPP4
ELF3,MYCL
ELF3,NFE2
ELF3,PLD4
ELF3,PRF1
ELF3,RFPL4A
ELF3,RFX8
ELF3,TAL1
ELF3,TCFL5
ELF3,TFAP2E
ELF3,ZNF132
ELF3,ZNF205
ELF3,ZNF366
ELF3,ZNF470
ELF3,ZNF547
ELF3,ZNF562
ELF3,ZNF683
EMILIN2,ESAM
EMILIN2,PODNL1
EMILIN2,SCGB1C1
EMILIN2,TMEM8B
EMILIN2,VIT
ENKUR,GRIK4
ENKUR,GRK4
ENKUR,KCNK1
ENKUR,KCNK17
ENKUR,NCS1
ENKUR,SDPR
ENTPD1,EPDR1
ENTPD1,GNG11
ENTPD1,HP
ENTPD1,INPP5A
ENTPD1,ITSN1
ENTPD1,LINC00936
ENTPD1,NRG1
ENTPD1,NT5C3A
ENTPD1,PDE5A
ENTPD1,PDLIM1
ENTPD1,PLA2G7
ENTPD1,PTPN14
ENTPD1,PTPN18
ENTPD1,PTPRN
ENTPD1,SERPINA1
ENTPD1,SLC17A9
ENTPD1,ST14
ENTPD1,ST5
ENTPD1,TMPRSS13
ENTPD1,TNS1
ENTPD1,TPD52L1
ENTPD1,TSC22D1
EPDR1,EPHB2
EPDR1,FRMD3
EPDR1,GLIPR1
EPDR1,GPR56
EPDR1,GRAP2
EPDR1,HOMER3
EPDR1,ITSN1
EPDR1,LIMS1
EPDR1,LRRC48
EPDR1,NRG1
EPDR1,NRP2
EPDR1,PADI2
EPDR1,PCDH1
EPDR1,PDGFC
EPDR1,PDGFRA
EPDR1,PDLIM1
EPDR1,PDZD2
EPDR1,PKD1L1
EPDR1,PNMT
EPDR1,PTGDR
EPDR1,PTPN14
EPDR1,PTPRN
EPDR1,PVRL2
EPDR1,RASGRP4
EPDR1,S100A12
EPDR1,S100A8
EPDR1,S100A9
EPDR1,S1PR3
EPDR1,SDC3
EPDR1,SDPR
EPDR1,SEMA3C
EPDR1,SIRPA
EPDR1,SIRPB2
EPDR1,SLC17A9
EPDR1,STAB1
EPDR1,TMPRSS13
EPDR1,TNS1
EPDR1,TPD52L1
EPHB1,EPHB2
EPHB1,EPHB4
EPHB2,EPHB4
EPHB2,EREG
EPHB2,GRAP2
EPHB2,GRB14
EPHB2,HOMER3
EPHB2,LILRB5
EPHB2,LRRC48
EPHB2,NRP2
EPHB2,PTPN14
EPHB2,PTPN18
EPHB2,PTPRN
EPHB2,RAB11FIP1
EPHB2,RAB13
EPHB2,RAB9B
EPHB2,SEMA3C
EPHB2,SEMA6B
EPHB2,SIRPA
EPHB2,SIRPB2
EPHB2,STAB1
EPHB2,TYROBP
EPHB2,VEPH1
EREG,FCER2
EREG,FGR
EREG,GRB14
EREG,HBEGF
EREG,IGFBP7
EREG,LRRC48
EREG,NODAL
EREG,NRG1
EREG,NRP2
EREG,PDGFA
EREG,PDGFC
EREG,PDGFRA
EREG,RASGRP4
EREG,STAB1
EREG,VEGFA
ESAM,JAM3
ESAM,TMEM8B
ESAM,VASN
ESPL1,FAM212B-AS1
ESPL1,GRM7-AS1
ESPL1,HHIP-AS1
ESPL1,IDH1-AS1
ESPL1,IER5L
ESPL1,LINC00677
ESPL1,LINC00936
ESPL1,LRRC48
ESPL1,MPRIP-AS1
ESPL1,NEXN-AS1
ESPL1,PLXNB2
ESPL1,PRRT3-AS1
ESPL1,RUVBL1-AS1
ESPL1,S1PR5
ESPL1,SAT1
ESPL1,SHROOM1
ESPL1,SPI1
ESPL1,TCL1A
ESPL1,TRAM2-AS1
EVC2,VCAN
EXOC3L1,GLB1L2
EXOC3L1,NGFRAP1
EXOC3L1,SCGB1C1
EXOC3L1,SLC46A2
EXOC3L1,SMPD3
EXOC3L1,SNX24
EXOC3L1,STX3
EXOC3L1,TRAPPC3L
F13A1,GP1BA
F13A1,GP9
F13A1,ITGA2B
F13A1,PC
F13A1,PLA2G7
F13A1,TFPI
F13A1,VWF
F2RL3,FCGR1A
F2RL3,FCGR3A
F2RL3,FFAR4
F2RL3,FGFBP2
F2RL3,FGR
F2RL3,FOLR2
F2RL3,FOLR3
F2RL3,FPR1
F2RL3,FSTL1
F2RL3,FSTL3
F2RL3,GP6
F2RL3,GZMB
F2RL3,HP
F2RL3,IL3RA
F2RL3,LAIR2
F2RL3,LILRB4
F2RL3,LILRB5
F2RL3,LTBR
F2RL3,PC
F2RL3,PDGFRA
F2RL3,PF4V1
F2RL3,PRLR
F2RL3,PTAFR
F2RL3,PTGDR
F2RL3,RAPGEFL1
F2RL3,RASGRP4
F2RL3,S1PR3
F2RL3,STAB1
F2RL3,TFPI
F2RL3,TLR6
F2RL3,TLR8
F2RL3,TNFRSF17
F2RL3,TNFRSF21
F2RL3,TYROBP
FADS2,GNG11
FADS2,GPR162
FADS2,GRAP2
FADS2,GSN
FADS2,HOMER3
FADS2,IQSEC2
FADS2,ITSN1
FADS2,NCS1
FADS2,NLGN3
FADS2,NPTX2
FADS2,NRG1
FADS2,NRGN
FADS2,RAB11FIP1
FADS2,RAB13
FADS2,RAB32
FADS2,RAB9B
FADS2,RAPGEFL1
FADS2,RASGRP4
FADS2,RASSF4
FADS2,RGS18
FADS2,RGS6
FADS2,SIRPA
FADS2,SNCA
FADS2,TAC3
FAM127C,FAM46B
FAM127C,L3MBTL4
FAM127C,LRRC37A3
FAM127C,LRRC3DN
FAM127C,NPIPA7
FAM127C,RFPL4A
FAM127C,RNF175
FAM129B,GNAI2
FAM129B,IER2
FAM129B,IFI27
FAM129B,JDP2
FAM129B,L3MBTL4
FAM129B,NFE2
FAM129B,PRF1
FAM129B,TFAP2E
FAM129B,ZNF132
FAM129B,ZNF205
FAM129B,ZNF366
FAM129B,ZNF470
FAM129B,ZNF547
FAM129B,ZNF562
FAM129B,ZNF683
FAM20C,FKBP9
FAM20C,GRK4
FAM20C,KIAA0125
FAM20C,NCS1
FAM20C,PRKCDBP
FAM20C,SDPR
FAM212B,FAM212B-AS1
FAM212B,ILK
FAM212B,INPP5A
FAM212B,MAK
FAM212B,MAPK8IP2
FAM212B,MIDN
FAM212B,PINLYP
FAM212B,PIP5K1B
FAM212B,SPDYC
FAM212B,TCL1B
FAM212B-AS1,GRM7-AS1
FAM212B-AS1,HHIP-AS1
FAM212B-AS1,IDH1-AS1
FAM212B-AS1,LINC00853
FAM212B-AS1,LINC00926
FAM212B-AS1,LINC00936
FAM212B-AS1,LINC00989
FAM212B-AS1,MPRIP-AS1
FAM212B-AS1,NEXN-AS1
FAM212B-AS1,PLXNB2
FAM212B-AS1,PRRT3-AS1
FAM212B-AS1,RUVBL1-AS1
FAM212B-AS1,SAT1
FAM212B-AS1,TCL1A
FAM212B-AS1,TRAM2-AS1
FAM26F,FKBP9
FAM26F,HCN3
FAM26F,LINC00610
FAM26F,LRRC26
FAM26F,LRRC37A3
FAM26F,LRRC3DN
FAM26F,NIPAL2
FAM26F,NKG7
FAM26F,RAB44
FAM26F,SAMD14
FAM26F,SLC35F3
FAM26F,SLC46A2
FAM26F,SLC8A3
FAM26F,SLCO5A1
FAM26F,SMIM10
FAM26F,SMIM5
FAM26F,SNX24
FAM26F,TMEM105
FAM26F,TMEM210
FAM26F,TMEM40
FAM26F,TMEM91
FAM26F,TRPM4
FAM46B,METTL25
FAM46B,RFPL4A
FAM46B,RNF175
FAM46B,SH3BP5L
FAM46B,TDRD9
FAM46B,TNS3
FAM46B,TRIM45
FAM46B,TRIM58
FAM46B,ZNF547
FBN1,FBN2
FBN1,FCN1
FBN1,FGFBP2
FBN1,HSPG2
FBN1,IGFBP7
FBN1,SCT
FBN1,SERPINA1
FBN1,THBS1
FBN2,FGFBP2
FBN2,SCT
FCAR,FCER1A
FCAR,FCER1G
FCAR,FCER2
FCAR,FCGR1A
FCAR,FCGR3A
FCAR,FPR1
FCAR,LAIR2
FCAR,LILRB4
FCAR,MARCO
FCAR,NFAM1
FCAR,SIGLEC1
FCAR,TREM1
FCER1A,FCER1G
FCER1A,FCER2
FCER1A,FCGR1A
FCER1A,FCGR3A
FCER1G,FCER2
FCER1G,FCGR1A
FCER1G,FCGR3A
FCER2,FCGR1A
FCER2,FCGR3A
FCER2,FES
FCER2,FGFBP2
FCER2,LAIR2
FCER2,TNFRSF17
FCER2,VPREB1
FCER2,VSIG4
FCGR1A,FCGR3A
FCGR1A,FGFBP2
FCGR1A,FGR
FCGR1A,FPR1
FCGR1A,GP6
FCGR1A,IL1RN
FCGR1A,IL3RA
FCGR1A,LAIR2
FCGR1A,LILRB5
FCGR1A,SIGLEC1
FCGR3A,FGFBP2
FCGR3A,FGR
FCGR3A,FPR1
FCGR3A,GP6
FCGR3A,GP9
FCGR3A,GRB14
FCGR3A,IGFBP7
FCGR3A,IL3RA
FCGR3A,ITGB3
FCGR3A,LAIR2
FCGR3A,LILRB4
FCGR3A,LILRB5
FCGR3A,SIGLEC1
FCGR3A,VSIG4
FERMT3,LIMS1
FES,FGR
FES,JUN
FES,PDGFC
FES,PDGFRA
FES,SPI1
FFAR4,FPR1
FFAR4,GRB14
FFAR4,GRK4
FFAR4,PF4V1
FFAR4,PTAFR
FFAR4,PTGDR
FFAR4,RASGRP4
FGFBP2,FGR
FGFBP2,GP6
FGFBP2,IGFBP7
FGFBP2,IL17A
FGFBP2,PDGFA
FGFBP2,PDGFC
FGFBP2,PDGFRA
FGFBP2,PPBP
FGFBP2,TNFSF4
FGR,FPR1
FGR,FZD2
FGR,GPR56
FGR,GRAP2
FGR,GRB14
FGR,GRHL1
FGR,GRK4
FGR,HCK
FGR,PDGFA
FGR,PDGFC
FGR,PDGFRA
FGR,PTAFR
FGR,PTGDR
FGR,PTPRN
FGR,RASGRP4
FGR,RGS18
FGR,RGS6
FGR,SH3BP5L
FGR,SIRPA
FGR,SIRPB2
FGR,TYROBP
FKBP9,KIAA1467
FKBP9,KIF15
FKBP9,NIPAL2
FKBP9,RAB44
FKBP9,RAPGEFL1
FKBP9,RFPL4A
FKBP9,RNF175
FKBP9,SDPR
FKBP9,SH3BP5L
FKBP9,SNX24
FKBP9,SPDYC
FOLR2,FOLR3
FOLR2,FSTL1
FOLR2,LAIR2
FOLR2,MFI2
FOLR3,FRMD3
FOLR3,FSTL3
FPR1,GLIPR1
FPR1,GPR63
FPR1,MARCO
FPR1,PF4
FPR1,PTAFR
FPR1,PTGDR
FPR1,S1PR3
FPR1,TLR6
FPR1,TLR8
FPR1,TREM1
FSTL1,FSTL3
FSTL1,IL17A
FSTL1,STAB1
FSTL1,TNFRSF17
FSTL1,TNFRSF21
FSTL1,TNFSF4
FTH1,FTL
FTL,MFI2
FXYD6,RTEL1-TNFRSF6B
FXYD6,STX16-NPEPL1
FXYD6,ZFHX3
FZD2,JUND
FZD2,PDZD2
FZD2,ZFHX3
G0S2,NGFRAP1
GABRD,GPR56
GABRD,GRIK4
GABRD,GRIN2C
GABRD,SCN1B
GABRD,SLC32A1
GABRD,SLC6A9
GAS2L1,GRAP2
GAS2L1,GSN
GAS2L1,HP
GAS2L1,KIF13A
GAS2L1,LGALS12
GAS2L1,LGALS2
GAS2L1,LGALS3
GAS2L1,MYBL2
GAS2L1,PSRC1
GAS2L1,SEPT5
GAS2L1,TLN1
GAS2L1,TUBB1
GFI1B,GRHL1
GFI1B,LYL1
GFI1B,PDGFA
GFI1B,SPI1
GFI1B,TFPI
GFI1B,ZFHX3
GFI1B,ZGLP1
GFI1B,ZNF185
GFI1B,ZNF233
GFI1B,ZNF503
GGA1,GNAI2
GGA1,GNG11
GGA1,GPR56
GGA1,IQSEC2
GGA1,LGALS12
GGA1,LGALS2
GGA1,LGALS3
GGA1,RAB11FIP1
GGA1,RAB13
GGA1,RAB9B
GGA1,RGS18
GGA1,RGS6
GLB1L2,GLT1D1
GLB1L2,KIAA1467
GLB1L2,LGALS1
GLB1L2,LGALS12
GLB1L2,LGALS2
GLB1L2,LGALS3
GLB1L2,LGALSL
GLB1L2,LRRC3DN
GLB1L2,LY86
GLB1L2,LYPD2
GLB1L2,MAP1A
GLB1L2,NEURL1B
GLB1L2,SCGB1C1
GLB1L2,SLC46A2
GLB1L2,ST3GAL6
GLIPR1,GRAP2
GLIPR1,GZMH
GLIPR1,HP
GLIPR1,PDZD2
GLIPR1,PRSS1
GLIPR1,PRSS3
GLIPR1,SIRPA
GLT1D1,HRASLS
GLT1D1,KIAA0513
GLT1D1,LGALSL
GLT1D1,MAP1A
GLT1D1,METTL25
GLT1D1,MIDN
GLT1D1,NEURL1B
GLT1D1,SLC15A3
GLT1D1,SLC46A2
GLT1D1,ST3GAL6
GLT1D1,TRIM45
GLT1D1,TRIM74
GMPR,NT5C3A
GNAI2,GNAZ
GNAI2,GNG11
GNAI2,GUCY1B3
GNAI2,ITGA2B
GNAI2,PTGDR
GNAI2,RAB9B
GNAI2,RGS18
GNAI2,RGS6
GNAI2,SLC32A1
GNAZ,GNG11
GNG11,GP6
GNG11,GP9
GNG11,GPR63
GNG11,GPSM1
GNG11,GRK4
GNG11,GUCY1B3
GNG11,GUCY2D
GNG11,GZMH
GNG11,HP
GNG11,IGSF6
GNG11,ISG15
GNG11,ITSN1
GNG11,LCN2
GNG11,LGALS12
GNG11,LGALS2
GNG11,LGALS3
GNG11,LMNA
GNG11,MMD
GNG11,MPP3
GNG11,MS4A1
GNG11,MS4A6A
GNG11,MS4A7
GNG11,NCS1
GNG11,NKG7
GNG11,NLGN3
GNG11,NR6A1
GNG11,NRG1
GNG11,PNMT
GNG11,PTGDR
GNG11,PTPN14
GNG11,RAB13
GNG11,RAB9B
GNG11,RAPGEFL1
GNG11,RGS18
GNG11,RGS6
GNG11,SGMS2
GNG11,SLC11A1
GNG11,SLC17A9
GNG11,SLC32A1
GNG11,SLC46A2
GNG11,ST3GAL6
GNG11,STAB1
GNG11,TLN1
GNG11,TNS1
GNG11,TYROBP
GNLY,GZMA
GNLY,GZMB
GNLY,GZMH
GNLY,GZMK
GNLY,LYZ
GP1BA,GP6
GP1BA,GP9
GP1BA,ITGA2B
GP1BA,ITGB3
GP1BA,ITGB5
GP1BA,PC
GP1BA,PDGFA
GP1BA,PDGFRA
GP1BA,SCT
GP1BA,THBS1
GP1BA,VWF
GP6,GP9
GP6,HSPG2
GP6,IGFBP7
GP6,IGSF6
GP6,ITGA2B
GP6,ITGB3
GP6,ITGB5
GP6,LAIR2
GP6,LGALS12
GP6,LGALS2
GP6,LGALS3
GP6,MFI2
GP6,MS4A1
GP6,MS4A6A
GP6,PC
GP6,PCSK6
GP6,PDGFA
GP6,PDGFC
GP6,PDGFRA
GP6,PF4
GP6,PF4V1
GP6,PLA2G7
GP6,PPBP
GP6,PTGDR
GP6,PVRL2
GP6,SCT
GP6,SEMA3C
GP6,SERPINE1
GP6,SERPING1
GP6,SIGLEC1
GP6,SIRPB2
GP6,SLFN14
GP6,ST3GAL6
GP6,STAB1
GP6,TFPI
GP6,THBS1
GP6,TREML1
GP6,TYROBP
GP6,VWF
GP9,ITGA2B
GP9,ITGB3
GP9,ITGB5
GP9,LAIR2
GP9,MFI2
GP9,MS4A1
GP9,MS4A6A
GP9,NRP2
GP9,PC
GP9,PDGFA
GP9,PDGFC
GP9,PDGFRA
GP9,PF4
GP9,PF4V1
GP9,PLA2G7
GP9,PPBP
GP9,PTGDR
GP9,PVRL2
GP9,RAB9B
GP9,SCT
GP9,SERPING1
GP9,SLFN14
GP9,THBS1
GP9,TREML1
GP9,VWF
GPR133,GPR56
GPR133,GRM7-AS1
GPR133,HCAR1
GPR133,IDH1-AS1
GPR133,LINC00936
GPR133,PRRT3-AS1
GPR133,RUVBL1-AS1
GPR133,S1PR5
GPR133,SAT1
GPR133,SHROOM1
GPR162,GPR56
GPR162,GPR63
GPR162,GPSM1
GPR162,NRGN
GPR162,PGRMC1
GPR162,PRSS3
GPR162,PTGDR
GPR162,S1PR3
GPR56,GRASP
GPR56,GRB14
GPR56,GRHL1
GPR56,GRIK4
GPR56,GRIN2C
GPR56,NLGN3
GPR56,NR6A1
GPR56,NRG1
GPR56,NRGN
GPR56,PDGFRA
GPR56,PGRMC1
GPR56,PTGDR
GPR56,PTGDS
GPR56,RAB13
GPR56,RGS18
GPR56,RGS6
GPR56,SLC1A3
GPR63,GPSM1
GPR63,GRK4
GPR63,LRRC3DN
GPR63,OGFRL1
GPR63,OXER1
GPR63,PGRMC1
GPR63,PTGDR
GPR63,RAB44
GPR63,RAPGEFL1
GPR63,SH3BGRL2
GPR63,SH3BP5L
GPR63,SLC46A2
GPR63,TRAPPC3L
GPR63,TRIM74
GPSM1,GRK4
GPSM1,MAPK8IP2
GPSM1,PRKAR2B
GPSM1,PTGDR
GPSM1,RGS18
GPSM1,RGS6
GPX1,GSTA1
GPX1,NXN
GPX1,PTGDS
GPX1,SELP
GRAP2,GRB14
GRAP2,GRHL1
GRAP2,GRIK4
GRAP2,GRK4
GRAP2,HP
GRAP2,IL32
GRAP2,MAPK8IP2
GRAP2,MPP3
GRAP2,PDZD2
GRAP2,PTGDR
GRAP2,PTPN18
GRAP2,PTPRN
GRAP2,RAB32
GRAP2,RAB9B
GRAP2,RASGRP4
GRAP2,RGS18
GRAP2,RGS6
GRAP2,SEMA3C
GRAP2,SEMA6B
GRAP2,SH3BP5L
GRAP2,SIRPA
GRAP2,SIRPB2
GRAP2,ST5
GRAP2,STAB1
GRAP2,STXBP2
GRAP2,TPD52L1
GRAP2,TYROBP
GRASP,GRIN2C
GRASP,HOMER3
GRASP,SLC32A1
GRASP,TAC3
GRB14,GRHL1
GRB14,GRIK4
GRB14,GRK4
GRB14,IGFBP7
GRB14,LTBR
GRB14,MYBL2
GRB14,NRG1
GRB14,PDGFA
GRB14,PDGFC
GRB14,PDGFRA
GRB14,PTGDR
GRB14,PTPRN
GRB14,RAB9B
GRB14,RASGRP4
GRB14,RGS18
GRB14,RGS6
GRB14,SIRPA
GRB14,SIRPB2
GRB14,TYROBP
GRHL1,GRIK4
GRHL1,HOMER3
GRHL1,ID1
GRHL1,ID3
GRHL1,LYL1
GRHL1,NR6A1
GRIK4,GRIN2C
GRIK4,GRK4
GRIK4,HOMER3
GRIK4,KCNA5
GRIK4,KCNE3
GRIK4,KCNG2
GRIK4,KCNH8
GRIK4,KCNK1
GRIK4,KCNK17
GRIK4,NCS1
GRIK4,NPTX2
GRIK4,NRG1
GRIK4,SLC1A3
GRIK4,SLC32A1
GRIK4,SLC6A9
GRIN2C,GRK4
GRIN2C,NCS1
GRIN2C,NPTX2
GRIN2C,NRGN
GRIN2C,SLC1A3
GRIN2C,SLC32A1
GRK4,GUCY1B3
GRK4,HCK
GRK4,MAPK8IP2
GRK4,PGRMC1
GRK4,PRKAR2B
GRK4,PRKCDBP
GRK4,PTGDR
GRK4,RASGRP4
GRK4,RGS18
GRK4,RGS6
GRM7-AS1,HCAR1
GRM7-AS1,HHIP-AS1
GRM7-AS1,IDH1-AS1
GRM7-AS1,LINC00671
GRM7-AS1,LINC00936
GRM7-AS1,LINC00937
GRM7-AS1,LY6G6F
GRM7-AS1,MPRIP-AS1
GRM7-AS1,NEXN-AS1
GRM7-AS1,PRRT3-AS1
GRM7-AS1,RUVBL1-AS1
GRM7-AS1,S1PR5
GRM7-AS1,SAT1
GRM7-AS1,SHROOM1
GRM7-AS1,SLC24A3
GRM7-AS1,SLC25A35
GRM7-AS1,TCL1A
GRM7-AS1,TRAM2-AS1
GSN,ITSN1
GSN,NCS1
GSN,NEXN
GSN,SAMD14
GSN,TLN1
GSN,TNS1
GSTA1,HGD
GSTA1,NDST1
GSTA1,PTGDS
GSTA1,PTGR1
GSTA1,PTGS1
GSTA1,SLC11A1
GSTA1,SLC17A9
GSTA1,SLC1A3
GSTA1,THNSL2
GUCY1B3,GUCY2D
GUCY1B3,NCS1
GUCY1B3,PDE5A
GUCY1B3,PTGDR
GUCY2D,PTGDR
GUCY2D,PTGDS
GUCY2D,RCVRN
GZMA,GZMB
GZMA,GZMH
GZMA,GZMK
GZMA,KLRB1
GZMA,KLRC1
GZMA,KLRC2
GZMA,KLRD1
GZMA,LYZ
GZMB,GZMH
GZMB,GZMK
GZMB,IL32
GZMB,ISG15
GZMB,KLRB1
GZMB,KLRC1
GZMB,KLRD1
GZMB,LYZ
GZMB,MMP14
GZMB,MMP9
GZMB,PCSK6
GZMB,PDZD2
GZMB,PRSS1
GZMB,PRSS3
GZMB,PRSS57
GZMB,S100A9
GZMB,SASH1
GZMB,SERPINA1
GZMB,ST14
GZMB,TAC3
GZMB,TIMP2
GZMB,TMPRSS13
GZMB,TNFRSF21
GZMB,TYROBP
GZMB,XCL1
GZMH,GZMK
GZMH,LYZ
GZMH,MMP14
GZMH,MMP9
GZMH,PCSK6
GZMH,PDZD2
GZMH,PNMT
GZMH,PRSS1
GZMH,PRSS23
GZMH,PRSS3
GZMH,PRSS57
GZMH,S100A9
GZMH,SASH1
GZMH,SERPINA1
GZMH,ST14
GZMH,TMPRSS13
GZMH,TPSAB1
GZMK,KLRB1
GZMK,KLRC1
GZMK,KLRC2
GZMK,KLRD1
GZMK,LYZ
HBA1,HBG1
HBA1,HBG2
HBEGF,PDGFA
HBEGF,PDGFRA
HBEGF,VEGFA
HBG1,HBG2
HCAR1,HHIP-AS1
HCAR1,IDH1-AS1
HCAR1,IER5L
HCAR1,MROH1
HCAR1,NEXN-AS1
HCAR1,RUVBL1-AS1
HCAR1,SAT1
HCAR1,SLC25A35
HCAR1,TCL1A
HCAR1,TRAM2-AS1
HCG20,HCG25
HCG20,HK3
HCG20,LY6G6F
HCG25,HK3
HCG25,LINC00853
HCG25,LINC00926
HCG25,LY6G6F
HCG25,RAB26
HCG25,SLC24A3
HCG25,SLC25A35
HCK,IL32
HCK,ILK
HCK,SPHK1
HCN3,HVCN1
HCN3,KCNA5
HCN3,KCNE3
HCN3,KCNG2
HCN3,KCNH8
HCN3,KCNK1
HCN3,KCNK17
HCN3,SCN1B
HCN3,SCN9A
HCN3,SLC11A1
HCN3,SLC17A9
HCN3,SLC32A1
HCN3,SLC43A2
HCN3,SLC4A3
HCN3,SLC8A3
HCN3,TRPM4
HGD,HPDL
HGD,OPLAH
HGD,PAH
HGD,PTGDS
HHIP-AS1,HK3
HHIP-AS1,IDH1-AS1
HHIP-AS1,LINC00936
HHIP-AS1,MPRIP-AS1
HHIP-AS1,NEXN-AS1
HHIP-AS1,PRRT3-AS1
HHIP-AS1,RUVBL1-AS1
HHIP-AS1,SAT1
HHIP-AS1,SHROOM1
HHIP-AS1,TRAM2-AS1
HIST1H2AC,HIST1H2BJ
HIST1H2AC,SETD1A
HK3,IRX3
HK3,LY6G6F
HK3,PRRT3-AS1
HK3,SHROOM1
HK3,SLC24A3
HLA-DMA,HLA-DMB
HLA-DMA,HLA-DPA1
HLA-DMA,HLA-DPB1
HLA-DMA,HLA-DQA1
HLA-DMA,HLA-DQA2
HLA-DMA,HLA-DQB1
HLA-DMA,HLA-DRA
HLA-DMA,HLA-DRB1
HLA-DMA,HLA-DRB5
HLA-DMB,HLA-DPA1
HLA-DMB,HLA-DPB1
HLA-DMB,HLA-DQA1
HLA-DMB,HLA-DQA2
HLA-DMB,HLA-DQB1
HLA-DMB,HLA-DRA
HLA-DMB,HLA-DRB1
HLA-DMB,HLA-DRB5
HLA-DPA1,HLA-DPB1
HLA-DPA1,HLA-DQA1
HLA-DPA1,HLA-DQA2
HLA-DPA1,HLA-DQB1
HLA-DPA1,HLA-DRA
HLA-DPA1,HLA-DRB1
HLA-DPA1,HLA-DRB5
HLA-DPB1,HLA-DQA1
HLA-DPB1,HLA-DQA2
HLA-DPB1,HLA-DQB1
HLA-DPB1,HLA-DRA
HLA-DPB1,HLA-DRB1
HLA-DPB1,HLA-DRB5
HLA-DQA1,HLA-DQA2
HLA-DQA1,HLA-DQB1
HLA-DQA1,HLA-DRA
HLA-DQA1,HLA-DRB1
HLA-DQA1,HLA-DRB5
HLA-DQA2,HLA-DQB1
HLA-DQA2,HLA-DRA
HLA-DQA2,HLA-DRB1
HLA-DQA2,HLA-DRB5
HLA-DQB1,HLA-DRA
HLA-DQB1,HLA-DRB1
HLA-DQB1,HLA-DRB5
HLA-DRA,HLA-DRB1
HLA-DRA,HLA-DRB5
HLA-DRB1,HLA-DRB5
HLX,HOPX
HLX,HOXA4
HLX,ID1
HLX,JDP2
HLX,L3MBTL4
HLX,LHX1
HLX,LYL1
HLX,MYCL
HLX,PLD4
HLX,RFPL4A
HLX,RFX8
HLX,TAL1
HLX,TFAP2E
HLX,ZFHX3
HLX,ZNF132
HLX,ZNF547
HLX,ZNF562
HMOX1,MAOB
HMOX1,SCO2
HMOX1,TYMP
HNMT,MAOB
HOMER3,ID3
HOMER3,ITSN1
HOMER3,JADE3
HOMER3,MAX
HOMER3,MPP3
HOMER3,NLGN3
HOMER3,NPTX2
HOMER3,NR6A1
HOMER3,NRG1
HOMER3,S1PR3
HOMER3,SEMA3C
HOMER3,SEMA6B
HOMER3,SLC17A9
HOMER3,SLC1A3
HOMER3,SLC32A1
HOMER3,SMPD3
HOMER3,TAC3
HOMER3,TPD52L1
HOMER3,TYROBP
HOMER3,YWHAH
HOMER3,ZFHX3
HOPX,HOXA4
HOPX,LHX1
HOPX,MAX
HOPX,MEIS1
HOPX,PBX1
HOPX,VENTX
HOPX,ZFHX3
HOXA4,MEIS1
HOXA4,PBX1
HOXA4,VENTX
HOXA4,ZFHX3
HP,ID1
HP,LRP1
HP,OPHN1
HP,PNMT
HP,PTPN14
HP,RAB13
HP,RAB9B
HP,RAPGEFL1
HP,RGS18
HP,RGS6
HP,ST5
HP,TLN1
HP,TPD52L1
HP,TSC22D1
HPDL,INPP5A
HPDL,OPLAH
HPDL,PAH
HPDL,PYGL
HRASLS,MAP1A
HRASLS,MBOAT2
HRASLS,PINLYP
HRASLS,PLA2G16
HRASLS,PLA2G7
HRASLS,PLD4
HRASLS,TTC7B
HSPA2,HSPB3
HSPA2,SH3BP5L
HSPA2,SMPD3
HSPA2,SPDYC
HSPA2,SPHK1
HSPG2,SERPING1
HSPG2,ST14
HSPG2,VCAN
HVCN1,KCNE3
HVCN1,KCNG2
HVCN1,KCNH8
HVCN1,KCNK1
HVCN1,KCNK17
HVCN1,SCN1B
HVCN1,VSIG4
ID1,ID3
ID1,JUND
ID1,LEFTY1
ID1,LHX1
ID1,LRP1
ID1,LYL1
ID1,MAX
ID1,MITF
ID1,MPP4
ID1,MYBL2
ID1,PHC2
ID1,SPI1
ID1,ST5
ID1,TPD52L1
ID1,TSC22D1
ID1,WDHD1
ID1,ZFHX3
ID1,ZNF185
ID3,JADE3
ID3,KLHL14
ID3,LYL1
ID3,MAX
ID3,ST5
IDH1-AS1,LINC00936
IDH1-AS1,MPRIP-AS1
IDH1-AS1,NEXN-AS1
IDH1-AS1,PRRT3-AS1
IDH1-AS1,RUVBL1-AS1
IDH1-AS1,SAT1
IDH1-AS1,SLC24A3
IDH1-AS1,TRAM2-AS1
IER2,IER5L
IER2,JDP2
IER2,MYCL
IER2,NEURL1B
IER2,PRF1
IER2,RFPL4A
IER2,RFX8
IER2,STRIP2
IER2,TDRD9
IER2,TFAP2E
IER2,TRIM45
IER2,ZNF132
IER2,ZNF470
IER2,ZNF547
IER2,ZNF562
IER2,ZNF683
IER5L,IRX3
IER5L,LINC00677
IER5L,LINC00853
IER5L,LY6G6F
IER5L,S1PR5
IER5L,SAT1
IER5L,SLC25A35
IER5L,TCL1A
IFI27,IFI30
IFI27,IRF7
IFI27,JDP2
IFI27,MPP4
IFI27,NFE2
IFI27,PRF1
IFI27,RFPL4A
IFI27,RFX8
IFI27,TAF13
IFI27,TCFL5
IFI27,TFAP2E
IFI27,ZNF132
IFI27,ZNF205
IFI27,ZNF470
IFI27,ZNF547
IFI27,ZNF562
IFI27,ZNF683
IFI30,IFITM3
IFI30,IL32
IFI30,IRF7
IFI30,ISG15
IFI30,MPP4
IFITM3,IRF7
IFITM3,IRF8
IGFBP7,IL17A
IGFBP7,IRF7
IGFBP7,IRF8
IGFBP7,ITGA2B
IGFBP7,ITGB3
IGFBP7,ITGB5
IGFBP7,PDGFA
IGFBP7,PDGFC
IGFBP7,PDGFRA
IGFBP7,PF4V1
IGFBP7,RBP7
IGFBP7,SERPINF1
IGFBP7,STAB1
IGFBP7,VEGFA
IGJ,IGSF6
IGLL5,KIR3DL2
IGLL5,LAIR2
IGLL5,LILRA4
IGLL5,LILRB4
IGLL5,LILRB5
IGLL5,VPREB1
IGLL5,VSIG4
IGSF6,ISG15
IGSF6,NKG7
IGSF6,OGFRL1
IGSF6,RAPGEFL1
IGSF6,SIGLEC1
IGSF6,SIGLEC15
IGSF6,SLC46A2
IGSF6,VSIG4
IL17A,IL17RA
IL17A,IL1B
IL17A,IL1RN
IL17A,IL32
IL17A,IL3RA
IL17A,IRF7
IL17A,ISG15
IL17A,LIF
IL17A,MPP4
IL17A,NFAM1
IL17A,PF4V1
IL17A,SASH1
IL17A,TLR8
IL17A,TNFAIP2
IL17A,TNFRSF17
IL17A,TNFSF4
IL17A,VEGFA
IL17A,XCL1
IL17RA,IL1B
IL17RA,IL1RN
IL17RA,IL32
IL17RA,IL3RA
IL17RA,LAIR2
IL17RA,LILRA4
IL17RA,LILRB4
IL17RA,LILRB5
IL17RA,TLR6
IL17RA,TNFRSF17
IL17RA,TREM1
IL1B,IL1RN
IL1B,IL32
IL1B,IL3RA
IL1B,LILRB4
IL1B,LTBR
IL1B,NLRP12
IL1B,TLR6
IL1B,TLR8
IL1B,XCL1
IL1RN,IL32
IL1RN,IL3RA
IL1RN,ILK
IL1RN,IRF7
IL1RN,LAIR2
IL1RN,LIF
IL1RN,LILRB4
IL1RN,LILRB5
IL1RN,LTBR
IL1RN,MPP4
IL1RN,NFAM1
IL1RN,NLRP12
IL1RN,SERPINA1
IL1RN,TLR6
IL1RN,TLR8
IL1RN,TNFAIP2
IL1RN,TNFRSF17
IL1RN,TNFRSF21
IL1RN,TNFSF4
IL1RN,TREM1
IL1RN,XCL1
IL27,IL32
IL27,LIF
IL27,LYL1
IL27,MYBL2
IL27,PDGFA
IL27,PDGFC
IL27,PDGFRA
IL32,IL3RA
IL32,ILK
IL32,IRF7
IL32,ISG15
IL32,LIF
IL32,LILRA4
IL32,LILRB4
IL32,LILRB5
IL32,LTBR
IL32,LURAP1
IL32,LYL1
IL32,MPP4
IL32,NFAM1
IL32,NLRP12
IL32,SASH1
IL32,SIGLEC1
IL32,SIGLEC12
IL32,SPHK1
IL32,TLR6
IL32,TLR8
IL32,TNFAIP2
IL32,TNFRSF17
IL32,TNFRSF21
IL32,TNFSF4
IL32,TREM1
IL32,TYROBP
IL32,VSIG4
IL32,XCL1
IL3RA,LAIR2
IL3RA,LILRA4
IL3RA,LILRB4
IL3RA,LILRB5
IL3RA,MPP4
ILK,KIF13A
ILK,KLHL14
ILK,LIF
ILK,LIMS1
ILK,LYL1
ILK,MAPK8IP2
ILK,MYLK
ILK,NKD2
ILK,PDZD2
ILK,SPHK1
ILK,ST14
ILK,TLN1
ILK,TYROBP
INPP5A,ITSN1
INPP5A,MPP3
INPP5A,PADI2
INPP5A,PDE5A
INPP5A,PIP5K1B
INPP5A,PPP1R14A
INPP5A,PPP2CB
INPP5A,PTPN14
INPP5A,PTPN18
INPP5A,PTPRN
INPP5A,SDPR
INPP5A,SLC17A9
INPP5A,SLC32A1
INPP5A,SLC8A3
INPP5A,SMPD3
INPP5A,SNX24
INPP5A,SPHK1
INPP5A,TPD52L1
INPP5A,TTC7B
IQSEC2,RAB11FIP1
IQSEC2,RAB9B
IQSEC2,RAPGEFL1
IQSEC2,RASSF4
IQSEC2,RGS6
IRF7,IRF8
IRF7,ISG15
IRF7,LILRB4
IRF7,LILRB5
IRF7,MPP4
IRF7,SPI1
IRF7,TLR8
IRF7,TNFRSF17
IRF7,VSIG4
IRF8,ISG15
IRF8,MPP4
IRF8,SIRPA
IRF8,SIRPB2
IRF8,SPI1
IRF8,SPIB
IRX3,LY6G6F
IRX3,PRRT3-AS1
IRX3,RUVBL1-AS1
IRX3,SLC24A3
ISG15,ITSN1
ISG15,LGALS2
ISG15,LGALS3
ISG15,LIMS1
ISG15,PPBP
ISG15,SASH1
ISG15,SERPING1
ISG15,SIGLEC1
ISG15,SIGLEC12
ISG15,SIGLEC15
ISG15,SIRPA
ISG15,SIRPB2
ISG15,ST14
ISG15,STAB1
ISG15,UBE2C
ISG15,UBE2M
ISG15,VSIG4
ITGA2B,ITGB3
ITGA2B,ITGB5
ITGA2B,LAIR2
ITGA2B,LGALS2
ITGA2B,LGALS3
ITGA2B,PC
ITGA2B,PDGFA
ITGA2B,PDGFRA
ITGA2B,PLA2G7
ITGA2B,SCT
ITGA2B,SIGLEC1
ITGA2B,STAB1
ITGA2B,THBS1
ITGA2B,VEGFA
ITGA2B,VWF
ITGB3,ITGB5
ITGB3,THBS1
ITGB5,STAB1
ITGB5,THBS1
ITGB5,VIT
ITGB5,VSIG4
ITM2C,ITSN1
ITM2C,REN
ITM2C,SAMD14
ITM2C,TMEM176A
ITM2C,TMEM176B
ITSN1,KIF13A
ITSN1,NCS1
ITSN1,NFAM1
ITSN1,NRG1
ITSN1,PTPN14
ITSN1,PTPN18
ITSN1,PTPRN
ITSN1,PVRL2
ITSN1,RAB11FIP1
ITSN1,RAB13
ITSN1,SDPR
ITSN1,SERINC2
ITSN1,SIRPA
ITSN1,SLC17A9
ITSN1,SLC32A1
ITSN1,SLC46A2
ITSN1,SNX24
ITSN1,STAB1
ITSN1,STON2
ITSN1,STX3
ITSN1,STXBP2
ITSN1,TLN1
ITSN1,TMEM150B
ITSN1,TNS1
ITSN1,TNS3
ITSN1,TPD52L1
ITSN1,TSC22D1
ITSN1,TYROBP
ITSN1,VASN
JADE3,JOSD2
JADE3,JUND
JADE3,ZFHX3
JAG2,NODAL
JAM3,RAB13
JAM3,SEMA3C
JDP2,L3MBTL4
JDP2,MYCL
JDP2,NFE2
JDP2,PARPBP
JDP2,PRF1
JDP2,RFPL4A
JDP2,RFX8
JDP2,SPDYC
JDP2,TCFL5
JDP2,TDRD9
JDP2,TFAP2E
JDP2,ZNF132
JDP2,ZNF205
JDP2,ZNF366
JDP2,ZNF470
JDP2,ZNF503
JDP2,ZNF547
JDP2,ZNF562
JDP2,ZNF618
JDP2,ZNF683
JOSD2,JUND
JOSD2,PDZD2
JOSD2,TSC22D1
JOSD2,UBE2C
JUN,JUND
JUND,LRP1
JUND,NOL3
JUND,ST5
JUND,TNFRSF21
JUND,TSC22D1
KAT2B,SATB2
KCNA5,KCNE3
KCNA5,KCNG2
KCNA5,KCNH8
KCNA5,KCNK1
KCNA5,KCNK17
KCNA5,LRRC26
KCNA5,SCN1B
KCNE3,KCNG2
KCNE3,KCNH8
KCNE3,KCNK1
KCNE3,KCNK17
KCNE3,LRRC26
KCNE3,SCN1B
KCNE3,SCN9A
KCNE3,SLC8A3
KCNG2,KCNH8
KCNG2,KCNK1
KCNG2,KCNK17
KCNG2,LRRC26
KCNG2,SCN1B
KCNH8,KCNK1
KCNH8,KCNK17
KCNH8,LRRC26
KCNH8,SCN1B
KCNK1,KCNK17
KCNK1,LRRC26
KCNK1,SCN1B
KCNK17,LRRC26
KCNK17,REN
KCNK17,SCN1B
KCNK17,SLC17A9
KCTD19,REN
KIAA0125,LY6G6F
KIAA0125,MAFG
KIAA0125,SAT1
KIAA0125,SLC24A3
KIAA0125,SLC25A35
KIAA0125,TCL1A
KIAA0513,KIAA1467
KIAA0513,KIF15
KIAA0513,LYPD2
KIAA0513,MAP3K7CL
KIAA0513,MIDN
KIAA0513,NPIPA7
KIAA0513,SCGB1C1
KIAA0513,SPDYC
KIAA1257,LY6G6F
KIAA1257,MAFG
KIAA1257,PPFIA4
KIAA1467,KIF15
KIAA1467,LINC00610
KIAA1467,LRRC37A3
KIAA1467,LRRC3DN
KIAA1467,LSMEM1
KIAA1467,LYPD2
KIAA1467,MARVELD1
KIAA1467,MFAP3L
KIAA1467,NEURL1B
KIAA1467,NKG7
KIAA1467,RAB44
KIAA1467,RAPGEFL1
KIAA1467,RNF175
KIAA1467,RNF215
KIAA1467,SERINC4
KIAA1467,SH3BGRL2
KIAA1467,SIGLEC15
KIAA1467,SLC35F3
KIAA1467,SLC46A2
KIAA1467,SMIM10
KIAA1467,SMIM5
KIAA1467,SNX24
KIAA1467,TMEM105
KIAA1467,TMEM176A
KIAA1467,TMEM176B
KIAA1467,TMEM210
KIAA1467,TMEM40
KIAA1467,TMEM91
KIAA1467,TRAPPC3L
KIF13A,KIF15
KIF13A,KIFC3
KIF13A,MPP1
KIF13A,MPP3
KIF13A,MYLK
KIF13A,MYO7A
KIF13A,NKD2
KIF13A,RAB11FIP1
KIF13A,RAB13
KIF13A,RAB32
KIF13A,RAB9B
KIF13A,RUFY1
KIF13A,SDPR
KIF13A,SLC17A9
KIF15,KIFC3
KIF15,MIDN
KIF15,MPP1
KIF15,PIP5K1B
KIF15,SAMD14
KIF15,SIGLEC15
KIF15,SNX24
KIF15,SOGA2
KIF15,TRIM45
KIF15,TRIM58
KIFC3,MPP1
KIR3DL2,KLRB1
KIR3DL2,KLRC1
KIR3DL2,KLRC2
KIR3DL2,KLRD1
KIR3DL2,LAIR2
KIR3DL2,LILRA4
KIR3DL2,LILRB4
KIR3DL2,LILRB5
KIR3DL2,SIGLEC1
KIR3DL2,SIGLEC12
KIR3DL2,TLR8
KIR3DL2,TYROBP
KLHL14,LYL1
KLRB1,KLRC1
KLRB1,KLRC2
KLRB1,KLRD1
KLRB1,LILRB4
KLRB1,LILRB5
KLRC1,KLRC2
KLRC1,KLRD1
KLRC1,LAIR2
KLRC1,LILRB4
KLRC1,LILRB5
KLRC1,TLR8
KLRC2,KLRD1
KRT5,PNMT
L3MBTL4,LEMD3
L3MBTL4,LONRF2
L3MBTL4,LRRC3DN
L3MBTL4,METTL25
L3MBTL4,MYCL
L3MBTL4,PLD4
L3MBTL4,RFPL4A
L3MBTL4,RFX8
L3MBTL4,SH3BGRL2
L3MBTL4,SH3BP5L
L3MBTL4,TAL1
L3MBTL4,TCFL5
L3MBTL4,TFAP2E
L3MBTL4,TMEM176B
L3MBTL4,TRIM45
L3MBTL4,TRIM58
L3MBTL4,TRIM74
L3MBTL4,ZNF114
L3MBTL4,ZNF132
L3MBTL4,ZNF470
L3MBTL4,ZNF503
L3MBTL4,ZNF547
L3MBTL4,ZNF562
L3MBTL4,ZNF618
LAIR2,LCN2
LAIR2,LGALS12
LAIR2,LGALS2
LAIR2,LGALS3
LAIR2,LIF
LAIR2,LILRA4
LAIR2,LILRB4
LAIR2,LILRB5
LAIR2,LIMS1
LAIR2,LTBR
LAIR2,LYL1
LAIR2,PRLR
LAIR2,SIGLEC1
LAIR2,SIGLEC12
LAIR2,SIRPA
LAIR2,SIRPB2
LAIR2,STAB1
LAIR2,TLR6
LAIR2,TLR8
LAIR2,TREML1
LAIR2,TYROBP
LAIR2,VSIG4
LCN2,LST1
LCN2,SLC22A16
LEFTY1,LTBR
LEFTY1,LYL1
LEFTY1,NODAL
LEFTY1,TYROBP
LEMD3,LIMS1
LEMD3,LMNA
LEMD3,NODAL
LEMD3,PDLIM1
LEMD3,SEMA3C
LEMD3,ST5
LGALS1,LGALS12
LGALS1,LGALS2
LGALS1,LGALS3
LGALS1,LGALSL
LGALS1,SIGLEC1
LGALS1,ST3GAL6
LGALS1,STAB1
LGALS12,LGALS2
LGALS12,LGALS3
LGALS12,LGALSL
LGALS12,MGLL
LGALS12,NLGN3
LGALS12,RGS6
LGALS12,SIGLEC1
LGALS12,SIGLEC12
LGALS12,ST3GAL6
LGALS12,STAB1
LGALS2,LGALS3
LGALS2,LGALSL
LGALS2,LIMS1
LGALS2,MFI2
LGALS2,MS4A1
LGALS2,NDST1
LGALS2,NLGN3
LGALS2,PNMT
LGALS2,PVRL2
LGALS2,RAB13
LGALS2,SEMA3C
LGALS2,SIGLEC1
LGALS2,SIGLEC12
LGALS2,ST3GAL6
LGALS2,STAB1
LGALS2,TLN1
LGALS3,LGALSL
LGALS3,LIMS1
LGALS3,MFI2
LGALS3,MS4A1
LGALS3,NDST1
LGALS3,NLGN3
LGALS3,PNMT
LGALS3,PVRL2
LGALS3,RAB13
LGALS3,SEMA3C
LGALS3,SIGLEC1
LGALS3,SIGLEC12
LGALS3,ST3GAL6
LGALS3,STAB1
LGALS3,TLN1
LGALSL,LONRF2
LGALSL,LRRC37A3
LGALSL,LRRC3DN
LGALSL,ST3GAL6
LHX1,LIMS1
LHX1,LYL1
LHX1,MAX
LHX1,PKD1L1
LHX1,SEZ6
LHX1,ZFHX3
LIF,LIMS1
LIF,LYL1
LIF,MPP4
LIF,SPI1
LIF,TNFSF4
LIG3,LRP3
LIG3,LRRC37A3
LIG3,LRRC3DN
LIG3,LY86
LILRA4,LILRB4
LILRA4,LILRB5
LILRA4,MS4A1
LILRA4,PRLR
LILRA4,PTCRA
LILRA4,SIRPA
LILRA4,VPREB1
LILRA4,VSIG4
LILRB4,LILRB5
LILRB4,LTBR
LILRB4,LYL1
LILRB4,PILRA
LILRB4,SIGLEC1
LILRB4,SIGLEC12
LILRB4,SIRPA
LILRB4,STAB1
LILRB4,TLR6
LILRB4,TLR8
LILRB4,TNFRSF17
LILRB4,TREM1
LILRB4,TYROBP
LILRB4,VPREB1
LILRB4,VSIG4
LILRB5,LTBR
LILRB5,LYL1
LILRB5,PILRA
LILRB5,SIGLEC1
LILRB5,SIGLEC12
LILRB5,SIRPA
LILRB5,SIRPB2
LILRB5,STAB1
LILRB5,TLR6
LILRB5,TLR8
LILRB5,TNFRSF17
LILRB5,TYROBP
LILRB5,VPREB1
LILRB5,VSIG4
LIMS1,PDLIM1
LIMS1,PDZD2
LIMS1,SASH1
LIMS1,SIGLEC1
LIMS1,SIGLEC12
LIMS1,STAB1
LIMS1,TIMP2
LIMS1,TLN1
LIMS1,TNS1
LIMS1,TPD52L1
LIMS1,ZNF185
LINC00610,NIPAL2
LINC00610,SLC11A1
LINC00610,SLC17A9
LINC00610,SLC46A2
LINC00610,SLC8A3
LINC00610,SLCO5A1
LINC00610,SMPD3
LINC00610,SNX24
LINC00610,TMEM91
LINC00671,LINC00677
LINC00671,LINC00853
LINC00671,LINC00926
LINC00671,LINC00937
LINC00671,LINC00968
LINC00671,LINC00989
LINC00671,LINC01036
LINC00671,LY6G6F
LINC00677,LINC00853
LINC00677,LINC00926
LINC00677,LINC00937
LINC00677,LINC00968
LINC00677,LINC00989
LINC00677,LINC01036
LINC00677,LY6G6F
LINC00677,SLC25A35
LINC00853,LINC00926
LINC00853,LINC00937
LINC00853,LINC00968
LINC00853,LINC00989
LINC00853,LINC01036
LINC00853,LY6G6F
LINC00853,SLC24A3
LINC00853,SLC25A35
LINC00853,TCL1A
LINC00926,LINC00937
LINC00926,LINC00968
LINC00926,LINC00989
LINC00926,LINC01036
LINC00926,LY6G6F
LINC00926,RAB26
LINC00926,SLC24A3
LINC00926,SLC25A35
LINC00936,LY6G6F
LINC00936,MPRIP-AS1
LINC00936,NEXN-AS1
LINC00936,PLXNB2
LINC00936,PRRT3-AS1
LINC00936,RUVBL1-AS1
LINC00936,S1PR5
LINC00936,SAT1
LINC00936,SLC24A3
LINC00936,SLC25A35
LINC00936,TCL1A
LINC00936,TRAM2-AS1
LINC00937,LINC00968
LINC00937,LINC00989
LINC00937,LINC01036
LINC00937,LY6G6F
LINC00937,SAT1
LINC00937,SLC24A3
LINC00937,SLC25A35
LINC00968,LINC00989
LINC00968,LINC01036
LINC00968,LY6G6F
LINC00968,SAT1
LINC00968,SLC24A3
LINC00989,LINC01036
LINC00989,LY6G6F
LINC00989,PLXNB2
LINC00989,SAT1
LINC00989,SLC24A3
LINC01036,LY6G6F
LMNA,MS4A1
LMNA,MS4A6A
LMNA,NLGN3
LMNA,SCT
LMNA,TLN1
LONRF2,MPPED2
LONRF2,ZNF503
LRFN4,LRRC37A3
LRFN4,LRRC3DN
LRFN4,PLXNA4
LRFN4,RAB44
LRFN4,RAPGEFL1
LRFN4,RFPL4A
LRFN4,RNF175
LRFN4,RNF215
LRFN4,RTN4RL1
LRFN4,SERINC4
LRP1,PRKCDBP
LRP1,S100A8
LRP1,ST5
LRP1,TNFRSF21
LRP1,TPD52L1
LRP1,TSC22D1
LRP1,ZFHX3
LRP3,LRRC37A3
LRP3,LRRC3DN
LRP3,LURAP1
LRP3,SIGLEC15
LRRC26,LRRC37A3
LRRC26,LRRC3DN
LRRC26,SLC46A2
LRRC37A3,LRRC3DN
LRRC37A3,LSMEM1
LRRC37A3,LYPD2
LRRC37A3,MARVELD1
LRRC37A3,NKG7
LRRC37A3,RNF175
LRRC37A3,SERINC4
LRRC37A3,SLC35F3
LRRC37A3,SLC46A2
LRRC37A3,SMIM10
LRRC37A3,SMIM5
LRRC37A3,TMEM105
LRRC37A3,TMEM176A
LRRC37A3,TMEM176B
LRRC37A3,TMEM210
LRRC37A3,TMEM40
LRRC37A3,TMEM91
LRRC37A3,TRAPPC3L
LRRC3DN,LSMEM1
LRRC3DN,LYPD2
LRRC3DN,NIPAL2
LRRC3DN,NKG7
LRRC3DN,RAB44
LRRC3DN,RNF175
LRRC3DN,SERINC4
LRRC3DN,SIGLEC15
LRRC3DN,SLC35F3
LRRC3DN,SLC46A2
LRRC3DN,SMIM10
LRRC3DN,SMIM5
LRRC3DN,TMEM105
LRRC3DN,TMEM210
LRRC3DN,TMEM40
LRRC3DN,TMEM91
LRRC3DN,TRAPPC3L
LRRC48,NRP2
LRRC48,PDGFRA
LRRC48,PTPN18
LRRC48,RAB11FIP1
LRRC48,ST14
LRRC48,STAB1
LSMEM1,LYPD2
LSMEM1,MARVELD1
LSMEM1,NKG7
LSMEM1,SERINC4
LSMEM1,SLC35F3
LSMEM1,SLC46A2
LSMEM1,SMIM10
LSMEM1,SMIM5
LSMEM1,TMEM105
LSMEM1,TMEM176A
LSMEM1,TMEM176B
LSMEM1,TMEM210
LSMEM1,TMEM40
LSMEM1,TMEM91
LST1,SELP
LST1,SLC11A1
LST1,SLC15A3
LST1,SLC17A9
LST1,SLC1A3
LST1,SLC22A16
LST1,SLC32A1
LST1,SLC43A2
LST1,SLC46A2
LST1,SLC4A3
LST1,SLC6A8
LST1,SLC6A9
LST1,SLC8A3
LST1,SLCO5A1
LTBR,LYL1
LTBR,PRLR
LTBR,PTGR1
LTBR,RTEL1-TNFRSF6B
LTBR,STAB1
LTBR,TLR6
LTBR,TLR8
LTBR,TNFRSF17
LTBR,TNFRSF21
LTBR,TNFSF4
LTBR,TYROBP
LURAP1,MAP3K7CL
LY6G6F,LYL1
LY6G6F,MAFG
LY6G6F,MYEOV
LY6G6F,NEXN-AS1
LY6G6F,OAF
LY6G6F,PLXNB2
LY6G6F,PPFIA4
LY6G6F,RAB26
LY6G6F,RUVBL1-AS1
LY6G6F,S1PR5
LY6G6F,SAT1
LY6G6F,SLC24A3
LY6G6F,SLC25A35
LY6G6F,TCL1A
LY6G6F,TRAM2-AS1
LY86,LYPD2
LY86,SPON2
LYL1,MAX
LYL1,MFI2
LYL1,MITF
LYL1,MPP4
LYL1,MS4A1
LYL1,MS4A6A
LYL1,MYBL2
LYL1,NRP2
LYL1,PBX1
LYL1,SLFN14
LYL1,SPI1
LYL1,TAL1
LYL1,TLN1
LYL1,TYROBP
LYL1,YWHAH
LYL1,ZFHX3
LYPD2,NKG7
LYPD2,PDZK1IP1
LYPD2,PINLYP
LYPD2,PLD4
LYPD2,PODNL1
LYPD2,SCGB1C1
LYPD2,TMEM8B
M1AP,MPP3
M1AP,MS4A6A
M1AP,SYCE3
M1AP,ZGLP1
MAFG,MARCH2
MAFG,MPRIP-AS1
MAFG,MROH1
MAFG,MYEOV
MAFG,OAF
MAFG,PPFIA4
MAFG,RAB26
MAFG,SLC25A35
MAK,SH3BP5L
MAK,SMPD3
MAK,SPDYC
MAK,TCL1B
MAK,TNS3
MAOB,PAH
MAP1A,METRNL
MAP1A,METTL25
MAP1A,MIDN
MAP1A,MPPED2
MAP1A,NEURL1B
MAP1A,PINLYP
MAP1A,PLA2G16
MAP1A,PLD4
MAP1A,RAPGEFL1
MAP1A,SMPD3
MAP1A,SNX24
MAP1A,ST14
MAP1A,TMEM91
MAP1A,TRIM74
MAP1A,VEPH1
MAP3K7CL,MAPK8IP2
MAP3K7CL,MFAP3L
MAP3K7CL,MIDN
MAP3K7CL,MZB1
MAP3K7CL,NPIPA7
MAP3K7CL,PDZK1IP1
MAP3K7CL,SPDYC
MAP3K7CL,TTC7B
MAPK8IP2,MPP3
MAPK8IP2,PRKAR2B
MAPK8IP2,PTPN14
MAPK8IP2,PTPN18
MAPK8IP2,RAB32
MAPK8IP2,SASH1
MAPK8IP2,SIRPA
MAPK8IP2,SIRPB2
MAPK8IP2,SPHK1
MAPK8IP2,ST5
MAPK8IP2,TPD52L1
MARCO,MMD
MARCO,PNMT
MARCO,SCARF1
MARCO,STAB1
MARCO,TLR6
MARCO,TLR8
MARCO,TMPRSS13
MARVELD1,SAMD14
MARVELD1,SERINC4
MARVELD1,SIGLEC15
MARVELD1,TMEM105
MARVELD1,TMEM176A
MARVELD1,TMEM176B
MARVELD1,TMEM210
MARVELD1,TMEM40
MARVELD1,TMEM91
MAX,MEIS1
MAX,MITF
MAX,MTPN
MAX,MYBL2
MAX,PBX1
MAX,TSC22D1
MAX,VENTX
MAX,ZFHX3
MBOAT2,PLA2G16
MBOAT2,SLC46A2
MEIS1,PBX1
MEIS1,PTX3
METRNL,METTL25
METTL25,MPPED2
METTL25,RFPL4A
METTL25,TRIM45
METTL25,TRIM74
MFAP3L,NPIPA7
MFAP3L,TMEM8B
MFI2,MITF
MFI2,MS4A1
MFI2,NRP2
MFI2,PNMT
MFI2,PVALB
MFI2,S100A6
MFI2,SLC11A1
MFI2,TREML1
MFI2,TYROBP
MIDN,PINLYP
MIDN,PIP5K1B
MIDN,SH3BP5L
MIDN,SNX24
MIDN,SPDYC
MIDN,TNS3
MIDN,ZNF503
MITF,ZFHX3
MLC1,MYL9
MLC1,MYLK
MLC1,MYO7A
MMD,MPP3
MMD,TMPRSS13
MMP14,MMP9
MMP14,PCSK6
MMP14,ST14
MMP14,TIMP2
MMP14,TMPRSS13
MMP9,ST14
MMP9,TIMP2
MMP9,TMPRSS13
MPP3,MPPED2
MPP3,MTPN
MPP3,MYO7A
MPP3,PNMT
MPP3,PTPN14
MPP3,PTPRN
MPP3,SEMA3C
MPP3,SEPT5
MPP3,SH3BP5L
MPP3,SMPD3
MPP3,TMPRSS13
MPP3,TPD52L1
MPP4,SPI1
MPP4,TNFRSF17
MPPED2,NIPAL2
MPPED2,PRTFDC1
MPPED2,SHD
MPPED2,SMPD3
MPRIP-AS1,MROH1
MPRIP-AS1,NEXN-AS1
MPRIP-AS1,PRRT3-AS1
MPRIP-AS1,RUVBL1-AS1
MPRIP-AS1,S1PR5
MPRIP-AS1,SAT1
MPRIP-AS1,TRAM2-AS1
MROH1,MYEOV
MROH1,RUVBL1-AS1
MROH1,SHROOM1
MS4A1,MS4A6A
MS4A1,MS4A7
MS4A1,PLD4
MS4A1,PNMT
MS4A1,PTPN14
MS4A1,S100A8
MS4A1,SASH1
MS4A1,SEMA6B
MS4A1,SERPING1
MS4A1,SLC11A1
MS4A1,SLC17A9
MS4A1,SLC46A2
MS4A1,SLC4A3
MS4A1,SLC8A3
MS4A1,SPI1
MS4A1,STAB1
MS4A1,TMEM150B
MS4A1,TMEM91
MS4A1,TMSB4X
MS4A1,TNFSF4
MS4A1,TREML1
MS4A1,TYROBP
MS4A1,VPREB3
MS4A1,VSIG4
MS4A6A,MS4A7
MS4A6A,SASH1
MS4A6A,SEMA6B
MS4A6A,SEPT5
MS4A6A,SLC11A1
MS4A6A,SLC17A9
MS4A6A,SLC1A3
MS4A6A,SLC4A3
MS4A6A,SLC8A3
MS4A6A,TMEM150B
MS4A6A,TMEM91
MS4A6A,TMSB4X
MS4A6A,TNFSF4
MS4A6A,TREML1
MS4A7,SASH1
MS4A7,SLC11A1
MS4A7,SLC17A9
MS4A7,SLC1A3
MS4A7,SLC4A3
MS4A7,SLC8A3
MS4A7,TMEM150B
MS4A7,TMSB4X
MS4A7,TNFSF4
MTPN,MYBL2
MTPN,MYLK
MTPN,TNNT1
MTPN,TPM2
MTPN,TSC22D1
MTPN,ZFHX3
MYBL2,MYCL
MYBL2,MYL9
MYBL2,MYLK
MYBL2,MZB1
MYBL2,PBX1
MYBL2,PPP2CB
MYBL2,PTPN14
MYBL2,RBMS3
MYBL2,S100A8
MYBL2,S100B
MYBL2,SPDYC
MYBL2,ST5
MYBL2,TCL1B
MYBL2,TSC22D1
MYBL2,TYROBP
MYBL2,UBE2C
MYBL2,ZFHX3
MYCL,NFE2
MYCL,PRF1
MYCL,RBMS3
MYCL,RFPL4A
MYCL,RFX8
MYCL,SYCE3
MYCL,TAL1
MYCL,TCFL5
MYCL,TFAP2E
MYCL,TRIM45
MYCL,ZNF132
MYCL,ZNF205
MYCL,ZNF470
MYCL,ZNF547
MYCL,ZNF562
MYCL,ZNF683
MYL9,MYLK
MYL9,MYO7A
MYL9,PPP1R14A
MYL9,TNNC2
MYL9,TNNT1
MYL9,TPM1
MYL9,TPM2
MYL9,TPM4
MYLK,MYO7A
MYLK,PPP1R14A
MYLK,TNNT1
MYLK,TPM1
MYLK,TPM4
MYO7A,TPM2
MYO7A,TPM4
MZB1,PDZK1IP1
MZB1,ZNF503
NCOA4,NR6A1
NCS1,NLGN3
NCS1,NPTX2
NCS1,NR6A1
NCS1,NRG1
NCS1,NRGN
NCS1,RCVRN
NCS1,RGS6
NCS1,S100A12
NCS1,S100A6
NCS1,S100A8
NCS1,S100B
NCS1,SCN1B
NCS1,SDPR
NCS1,SLC32A1
NCS1,SLC8A3
NCS1,TNNT1
NDST1,NT5C3A
NDST1,PTGDS
NDST1,SLC17A9
NDST1,ST3GAL6
NDST1,THNSL2
NEURL1B,RAPGEFL1
NEURL1B,RFPL4A
NEURL1B,RNF175
NEURL1B,RNF215
NEURL1B,SH3BGRL2
NEURL1B,SLC46A2
NEURL1B,TLN1
NEURL1B,TRIM45
NEURL1B,TRIM58
NEURL1B,TRIM74
NEURL1B,UBE2C
NEURL1B,UBE2M
NEXN,NEXN-AS1
NEXN,TLN1
NEXN,TNS1
NEXN-AS1,PLXNB2
NEXN-AS1,PRRT3-AS1
NEXN-AS1,RUVBL1-AS1
NEXN-AS1,SAT1
NEXN-AS1,TCL1A
NEXN-AS1,TRAM2-AS1
NFAM1,SAMHD1
NFAM1,TNFAIP2
NFAM1,TNFRSF17
NFAM1,TNFRSF21
NFAM1,TNFSF4
NFAM1,TREM1
NFAM1,TYROBP
NFE2,PRF1
NFE2,RFPL4A
NFE2,RFX8
NFE2,TAL1
NFE2,TFAP2E
NFE2,ZNF114
NFE2,ZNF132
NFE2,ZNF205
NFE2,ZNF470
NFE2,ZNF503
NFE2,ZNF547
NFE2,ZNF562
NFE2,ZNF683
NGFRAP1,PMAIP1
NGFRAP1,SH3BP5L
NGFRAP1,SYCE3
NGFRAP1,ZNF114
NIPAL2,NKG7
NIPAL2,SERINC4
NIPAL2,SLC11A1
NIPAL2,SLC15A3
NIPAL2,SLC35F3
NIPAL2,SLC46A2
NIPAL2,SLCO5A1
NIPAL2,SNX24
NIPAL2,TMEM105
NIPAL2,TMEM210
NIPAL2,TMEM40
NKD2,NODAL
NKD2,NRP2
NKD2,NXN
NKD2,REN
NKD2,ST5
NKD2,TSC22D1
NKG7,SERINC4
NKG7,SH3BGRL2
NKG7,SIGLEC15
NKG7,SLC46A2
NKG7,SMIM10
NKG7,SMIM5
NKG7,TMEM105
NKG7,TMEM176A
NKG7,TMEM176B
NKG7,TMEM210
NKG7,TMEM40
NKG7,TMEM91
NLGN3,NODAL
NLGN3,NPTX2
NLGN3,NR6A1
NLGN3,NRG1
NLGN3,NRGN
NLGN3,PVRL2
NLGN3,RGS6
NLGN3,SEMA3C
NLGN3,SEMA6B
NLGN3,SLC1A3
NLGN3,ST3GAL6
NLGN3,TAC3
NLGN3,TLN1
NLGN3,VNN3
NLRP12,TLR6
NLRP12,TLR8
NLRP12,TNFRSF21
NODAL,NR6A1
NODAL,NRG1
NODAL,NRP2
NODAL,PDGFA
NODAL,PDGFC
NODAL,SEMA3C
NODAL,ST5
NODAL,TSC22D1
NOL3,PMAIP1
NPIPA7,TTC7B
NPTX2,NR6A1
NPTX2,NRGN
NPTX2,PPBP
NPTX2,PTGDS
NPTX2,PTPN14
NPTX2,PTPRN
NPTX2,TAC3
NR6A1,NRG1
NR6A1,NRGN
NR6A1,RGS6
NR6A1,RORB
NR6A1,RXRA
NR6A1,SEMA6B
NR6A1,ZFHX3
NRG1,NRGN
NRG1,NRP2
NRG1,PDGFRA
NRG1,PGRMC1
NRG1,PTPN14
NRG1,PTPRN
NRG1,RAB13
NRG1,RAPGEFL1
NRG1,RGS18
NRG1,RGS6
NRG1,SEMA3C
NRG1,SIRPB2
NRG1,TSC22D1
NRG1,TYROBP
NRP2,PDGFA
NRP2,PDGFC
NRP2,PVRL2
NRP2,SEMA3C
NRP2,ST5
NRP2,STAB1
NRP2,VEGFA
NT5C3A,PDE5A
NT5C3A,THNSL2
OAZ1,SMOX
OGFRL1,OXER1
OGFRL1,RAPGEFL1
OGFRL1,SH3BGRL2
OLFM1,OR2W3
OPHN1,RAB11FIP1
OPHN1,RAB9B
OPHN1,RGS18
OPLAH,PAH
OXER1,RAPGEFL1
PADI2,PCSK6
PADI2,PDE5A
PADI2,PDLIM1
PADI2,PDZD2
PADI2,PLA2G7
PADI2,SDPR
PARPBP,RFPL4A
PARPBP,TFAP2E
PARVB,SDPR
PARVB,VIL1
PBX1,PTX3
PBX1,SATB2
PBX1,SPI1
PBX1,TYROBP
PBX1,VENTX
PBX1,VPREB3
PBX1,ZFHX3
PC,PCSK6
PC,PDGFA
PC,PDGFC
PC,PF4
PC,PF4V1
PC,PLA2G7
PC,PPBP
PC,SERPINA1
PC,SERPINE1
PC,SERPING1
PC,SLFN14
PC,TFPI
PC,THBS1
PC,VWF
PCDH1,PDGFC
PCDH1,PDLIM1
PCDH1,PNMT
PCDH1,PVRL2
PCDH1,SDC3
PCDH1,SEMA3C
PCDH1,TNS1
PCSK6,PDZD2
PCSK6,PLA2G7
PCSK6,PPP2CB
PCSK6,PRSS1
PCSK6,PRSS23
PCSK6,PRSS3
PCSK6,PRSS57
PCSK6,PTGS1
PCSK6,PYGL
PCSK6,SELP
PCSK6,SEMA3C
PCSK6,SERPINA1
PCSK6,SERPING1
PCSK6,SLC17A9
PCSK6,SLPI
PCSK6,SPHK1
PCSK6,ST14
PCSK6,TAC3
PCSK6,THNSL2
PCSK6,TMPRSS13
PCSK6,TPSAB1
PDE5A,PLA2G7
PDE5A,PPP1R14A
PDE5A,PPP2CB
PDE5A,PRKAR2B
PDE5A,PTGDS
PDGFA,PDGFC
PDGFA,PDGFRA
PDGFA,PF4
PDGFA,PF4V1
PDGFA,PLA2G7
PDGFA,PPBP
PDGFA,PTAFR
PDGFA,PTGDR
PDGFA,PTGDS
PDGFA,PTGS1
PDGFA,SERPINF1
PDGFA,TNFAIP2
PDGFA,VEGFA
PDGFA,VWF
PDGFC,PDGFRA
PDGFC,PDZD2
PDGFC,PF4
PDGFC,PF4V1
PDGFC,PKD1L1
PDGFC,PLA2G7
PDGFC,PPBP
PDGFC,PTGDS
PDGFC,PTGS1
PDGFC,PTPN14
PDGFC,PTPRN
PDGFC,SEMA3C
PDGFC,SERPINF1
PDGFC,TPD52L1
PDGFC,VEGFA
PDGFC,ZFHX3
PDGFRA,PF4
PDGFRA,PF4V1
PDGFRA,PPBP
PDGFRA,PTAFR
PDGFRA,PTGDR
PDGFRA,PTPRN
PDGFRA,RASGRP4
PDGFRA,S1PR3
PDGFRA,SEMA3C
PDGFRA,STAB1
PDGFRA,TNFAIP2
PDGFRA,TYROBP
PDGFRA,VEGFA
PDLIM1,PDZD2
PDLIM1,PKD1L1
PDLIM1,TPD52L1
PDZD2,PDZK1IP1
PDZD2,PKD1L1
PDZD2,PTGDS
PDZD2,SEMA3C
PDZD2,SEZ6
PDZD2,ST14
PDZD2,ST5
PDZD2,TMPRSS13
PDZD2,TPD52L1
PDZD2,TYROBP
PDZK1IP1,PODNL1
PDZK1IP1,SCGB1C1
PDZK1IP1,SNX24
PDZK1IP1,VMO1
PDZK1IP1,ZNF114
PF4,PF4V1
PF4,PPBP
PF4,PTAFR
PF4,PTGR1
PF4,TFPI
PF4,VEGFA
PF4,VWF
PF4,XCL1
PF4V1,PLA2G7
PF4V1,PPBP
PF4V1,PRKCDBP
PF4V1,PTAFR
PF4V1,PTGR1
PF4V1,PTGS1
PF4V1,S1PR3
PF4V1,SERPINF1
PF4V1,SERPING1
PF4V1,SLFN14
PF4V1,TFPI
PF4V1,TNFAIP2
PF4V1,TNFSF4
PF4V1,VEGFA
PF4V1,VSIG4
PF4V1,VWF
PGRMC1,PKD1L1
PGRMC1,PRLR
PGRMC1,PTGDR
PGRMC1,PTGDS
PID1,PIP5K1B
PID1,SERINC2
PID1,TTC7B
PILRA,PRLR
PILRA,PTPRN
PILRA,SIRPA
PILRA,SIRPB2
PILRA,TYROBP
PINLYP,PIP5K1B
PINLYP,PLA2G16
PINLYP,PLD4
PINLYP,SERINC2
PINLYP,SERINC4
PINLYP,SMPD3
PINLYP,SNX24
PINLYP,TNS3
PINLYP,VEPH1
PIP5K1B,PLA2G16
PIP5K1B,SERINC4
PIP5K1B,SH3BP5L
PIP5K1B,SMPD3
PIP5K1B,SNX24
PIP5K1B,SPDYC
PIP5K1B,SPHK1
PIP5K1B,TCL1B
PIP5K1B,TNS3
PIP5K1B,TTC7B
PIP5K1B,VEPH1
PKD1L1,PTPN14
PKD1L1,PTPRN
PKD1L1,TPD52L1
PKD1L1,TYROBP
PKD1L1,UPK3A
PLA2G16,PLA2G7
PLA2G16,PLD4
PLA2G16,PLXNA4
PLA2G16,SERINC2
PLA2G16,SERINC4
PLA2G16,SLC15A3
PLA2G16,SLC46A2
PLA2G16,SMPD3
PLA2G16,TNS3
PLA2G16,TTC7B
PLA2G7,PPBP
PLA2G7,PTGDS
PLA2G7,PTGR1
PLA2G7,PTGS1
PLA2G7,SERPINA1
PLA2G7,SERPINE1
PLA2G7,SLFN14
PLA2G7,ST14
PLA2G7,TFPI
PLD4,PLXNA4
PLD4,RFPL4A
PLD4,SIGLEC15
PLD4,SMPD3
PLD4,SPON2
PLD4,TMEM91
PLXNA4,RTN4RL1
PLXNA4,SEMA3C
PLXNA4,SEMA6B
PLXNA4,SMPD3
PLXNA4,SNX24
PNMT,PVRL2
PNMT,RAB13
PNMT,SEMA3C
PNMT,SIGLEC1
PNMT,ST14
PNMT,ST3GAL6
PNMT,TLN1
PNMT,TYROBP
PNMT,UPK3A
PODNL1,SCGB1C1
PPBP,PPP2CB
PPBP,PTGDS
PPBP,PTGR1
PPBP,PTGS1
PPBP,PTPN14
PPBP,PTPRN
PPBP,SERPINE1
PPP1R14A,PPP2CB
PPP1R14A,PTPN14
PPP1R14A,PTPN18
PPP1R14A,PTPRN
PPP1R14A,RBPMS2
PPP1R14A,SERPINA1
PPP1R14A,SERPINE1
PPP1R14A,TPM1
PPP1R14A,TPM4
PPP2CB,PRKAR2B
PPP2CB,PTPN14
PPP2CB,PTPN18
PPP2CB,PTPRN
PPP2CB,SDPR
PPP2CB,TPD52L1
PRF1,RFPL4A
PRF1,RFX8
PRF1,TAF13
PRF1,TCFL5
PRF1,TFAP2E
PRF1,ZCCHC24
PRF1,ZFHX3
PRF1,ZNF114
PRF1,ZNF132
PRF1,ZNF185
PRF1,ZNF205
PRF1,ZNF233
PRF1,ZNF366
PRF1,ZNF470
PRF1,ZNF503
PRF1,ZNF547
PRF1,ZNF562
PRF1,ZNF618
PRF1,ZNF683
PRKCDBP,RCVRN
PRKCDBP,SDPR
PRKCDBP,ST5
PRRT3-AS1,RUVBL1-AS1
PRRT3-AS1,S1PR5
PRRT3-AS1,SAT1
PRRT3-AS1,SLC24A3
PRRT3-AS1,TRAM2-AS1
PRSS1,PRSS23
PRSS1,PRSS3
PRSS1,PRSS57
PRSS1,PTPRN
PRSS1,SERPINA1
PRSS1,TMPRSS13
PRSS1,TPSAB1
PRSS23,PRSS3
PRSS23,PRSS57
PRSS23,PSRC1
PRSS23,SERPINA1
PRSS23,TMPRSS13
PRSS23,TPSAB1
PRSS3,PRSS57
PRSS3,PTPRN
PRSS3,SERPINA1
PRSS3,SERPINE1
PRSS3,SLPI
PRSS3,ST14
PRSS3,TMPRSS13
PRSS3,TPSAB1
PRSS57,SERPINA1
PRSS57,SERPINE1
PRSS57,ST14
PRSS57,TMPRSS13
PRSS57,TPSAB1
PSRC1,PTPN18
PSRC1,PTPRN
PSRC1,RBMS3
PSRC1,SPARC
PSRC1,TSC22D1
PTAFR,PTGDR
PTAFR,SDPR
PTAFR,SIRPA
PTCRA,PTPRN
PTCRA,TYROBP
PTCRA,VPREB3
PTGDR,PTGDS
PTGDR,PTGR1
PTGDR,PTGS1
PTGDR,PTPN14
PTGDR,PTPN18
PTGDR,PTPRN
PTGDR,RASGRP4
PTGDR,RGS18
PTGDR,RGS6
PTGDR,S1PR3
PTGDR,SIRPA
PTGDR,SIRPB2
PTGDR,TLR6
PTGDR,TYROBP
PTGDS,PTGR1
PTGDS,PTGS1
PTGDS,PTPN14
PTGDS,PTPRN
PTGDS,THNSL2
PTGR1,PTGS1
PTGR1,XCL1
PTGS1,PTPN14
PTGS1,PTPN18
PTGS1,PTPRN
PTGS1,S1PR3
PTGS1,SASH1
PTGS1,SERPINA1
PTGS1,SERPINE1
PTGS1,SERPINF1
PTGS1,SERPING1
PTGS1,SPHK1
PTGS1,ST14
PTGS1,TNFAIP2
PTGS1,VEGFA
PTPN14,PTPN18
PTPN14,PTPRN
PTPN14,RAB13
PTPN14,RASGRP4
PTPN14,RTN4RL1
PTPN14,S100A12
PTPN14,SDPR
PTPN14,SIRPA
PTPN14,SLC17A9
PTPN14,SPHK1
PTPN14,ST14
PTPN14,ST5
PTPN14,STAB1
PTPN14,TLN1
PTPN14,TMPRSS13
PTPN14,TNS1
PTPN14,TNS3
PTPN14,TPD52L1
PTPN14,TPM4
PTPN14,TSC22D1
PTPN14,TTC7B
PTPN14,TYROBP
PTPN14,VEPH1
PTPN18,PTPRN
PTPN18,RGS18
PTPN18,SDPR
PTPN18,SIRPA
PTPN18,SPHK1
PTPN18,ST5
PTPN18,TCL1B
PTPN18,TMPRSS13
PTPN18,TNS1
PTPN18,TNS3
PTPN18,TPD52L1
PTPN18,TYROBP
PTPN18,VEPH1
PTPRN,SIRPA
PTPRN,SIRPB2
PTPRN,SLC17A9
PTPRN,SPHK1
PTPRN,TCL1B
PTPRN,TMPRSS13
PTPRN,TNS1
PTPRN,TNS3
PTPRN,TPD52L1
PTPRN,TSC22D1
PTPRN,TTC7B
PTPRN,TYROBP
PTX3,VENTX
PVRL2,SEMA3C
PVRL2,SIGLEC1
PVRL2,SIGLEC12
PVRL2,ST3GAL6
PVRL2,STAB1
PVRL2,TNS1
RAB11FIP1,RAB13
RAB11FIP1,RAB32
RAB11FIP1,RAB44
RAB11FIP1,RAB9B
RAB11FIP1,RAPGEFL1
RAB11FIP1,RASGRP4
RAB11FIP1,RASSF4
RAB11FIP1,RNF215
RAB11FIP1,RUFY1
RAB11FIP1,SDPR
RAB11FIP1,SIRPA
RAB11FIP1,SLC17A9
RAB11FIP1,STAB1
RAB13,RAB26
RAB13,RAB32
RAB13,RAB44
RAB13,RAB9B
RAB13,RAPGEFL1
RAB13,RASGRP4
RAB13,RASSF4
RAB13,RGS18
RAB13,RGS6
RAB13,RNF175
RAB13,RNF215
RAB13,RUFY1
RAB13,SEMA3C
RAB13,SLC17A9
RAB13,ST5
RAB13,STAB1
RAB13,STX3
RAB13,TMEM150B
RAB13,TMPRSS13
RAB13,TRAPPC3L
RAB13,TYROBP
RAB26,RAB32
RAB26,RAB9B
RAB26,RASSF4
RAB26,RUVBL1-AS1
RAB26,SLC24A3
RAB26,SLC25A35
RAB32,RAB44
RAB32,RAB9B
RAB32,RASSF4
RAB32,SLC17A9
RAB32,ST5
RAB44,RAB9B
RAB44,RAPGEFL1
RAB44,RASGRP4
RAB44,RASSF4
RAB44,RFPL4A
RAB44,RNF175
RAB44,RNF215
RAB44,RTN4RL1
RAB44,SAMD14
RAB44,SH3BGRL2
RAB44,SLC46A2
RAB44,SNX24
RAB9B,RAPGEFL1
RAB9B,RASGRP4
RAB9B,RASSF4
RAB9B,RBP7
RAB9B,RGS18
RAB9B,RGS6
RAB9B,RUFY1
RAB9B,RUSC2
RAB9B,SLC17A9
RAB9B,SLC32A1
RAB9B,ST5
RAPGEFL1,RASGRP4
RAPGEFL1,RASSF4
RAPGEFL1,RFPL4A
RAPGEFL1,RFX8
RAPGEFL1,RGS18
RAPGEFL1,RGS6
RAPGEFL1,RNF175
RAPGEFL1,RNF215
RAPGEFL1,RTN4RL1
RAPGEFL1,RUFY1
RAPGEFL1,SH3BGRL2
RAPGEFL1,SH3BP5L
RAPGEFL1,SLC46A2
RAPGEFL1,SNX24
RAPGEFL1,VEPH1
RASGRP4,RASSF4
RASGRP4,RGS18
RASGRP4,RGS6
RASSF4,RGS18
RASSF4,RUFY1
RASSF4,RUSC2
RASSF4,SDPR
RBMS3,RBP7
RBMS3,RBPMS2
RBMS3,RGS6
RBMS3,RORB
RBMS3,SATB2
RBP7,RBPMS2
RBP7,RORB
RBPMS2,TPM2
RCVRN,SDPR
REN,SAMD14
REN,SLC46A2
REN,TCL1B
REN,TNS3
RFPL4A,RFX8
RFPL4A,RNF175
RFPL4A,RNF215
RFPL4A,SH3BP5L
RFPL4A,SPDYC
RFPL4A,TCFL5
RFPL4A,TFAP2E
RFPL4A,TRIM45
RFPL4A,TRIM58
RFPL4A,TRIM74
RFPL4A,ZNF114
RFPL4A,ZNF132
RFPL4A,ZNF205
RFPL4A,ZNF470
RFPL4A,ZNF503
RFPL4A,ZNF547
RFPL4A,ZNF562
RFPL4A,ZNF683
RFX8,RNF175
RFX8,TAF13
RFX8,TCFL5
RFX8,TFAP2E
RFX8,ZFHX3
RFX8,ZNF114
RFX8,ZNF132
RFX8,ZNF205
RFX8,ZNF366
RFX8,ZNF470
RFX8,ZNF503
RFX8,ZNF547
RFX8,ZNF562
RFX8,ZNF618
RFX8,ZNF683
RGS18,RGS6
RGS18,RUSC2
RGS18,SIRPA
RGS18,SIRPB2
RGS18,ST5
RGS6,RUSC2
RGS6,SIRPB2
RGS6,ST5
RGS6,VSIG4
RNASE3,RNASE6
RNF175,RNF215
RNF175,TRIM45
RNF175,TRIM58
RNF175,TRIM74
RNF175,ZNF132
RNF175,ZNF205
RNF175,ZNF470
RNF175,ZNF547
RNF175,ZNF562
RNF215,SLC46A2
RNF215,TRAPPC3L
RNF215,TRIM45
RNF215,TRIM58
RNF215,TRIM74
RNF215,ZNF547
RORB,RXRA
RTEL1-TNFRSF6B,STX16-NPEPL1
RTEL1-TNFRSF6B,TNFRSF17
RTEL1-TNFRSF6B,TNFRSF21
RTN4RL1,SLC46A2
RTN4RL1,TNS3
RUFY1,RUSC2
RUFY1,ZFHX3
RUVBL1-AS1,SAT1
RUVBL1-AS1,SHROOM1
RUVBL1-AS1,SLC25A35
RUVBL1-AS1,TCL1A
RUVBL1-AS1,TRAM2-AS1
S100A12,S100A6
S100A12,S100A8
S100A12,S100A9
S100A12,S100B
S100A12,SAPCD2
S100A12,SLC8A3
S100A12,SPHK1
S100A12,ST14
S100A12,STAB1
S100A12,TPD52L1
S100A6,S100A8
S100A6,S100A9
S100A6,S100B
S100A6,SLC8A3
S100A6,TPD52L1
S100A6,TSC22D1
S100A8,S100A9
S100A8,S100B
S100A8,SERPING1
S100A8,SEZ6
S100A8,SLC8A3
S100A8,SPARC
S100A8,SPHK1
S100A8,ST14
S100A8,TNFSF4
S100A8,TNS1
S100A8,TPD52L1
S100A8,TSC22D1
S100A8,ZFHX3
S100A9,S100B
S100A9,SERPINA1
S100A9,SERPING1
S100A9,SEZ6
S100A9,SLC8A3
S100A9,SPARC
S100A9,ST14
S100A9,TSC22D1
S100A9,ZFHX3
S100B,SEMA6B
S100B,SERPINF1
S100B,SPHK1
S100B,TPD52L1
S100B,TSC22D1
S1PR3,S1PR5
S1PR3,SASH1
S1PR3,SEMA3C
S1PR3,SERPINF1
S1PR3,SERPING1
S1PR3,SIRPA
S1PR3,SIRPB2
S1PR3,SMPD3
S1PR3,SPHK1
S1PR3,STAB1
S1PR5,SAT1
S1PR5,SHROOM1
S1PR5,SLC24A3
S1PR5,SLC25A35
S1PR5,TRAM2-AS1
SAMD14,SIGLEC15
SAMD14,SLC46A2
SAMD14,SMPD3
SAMD14,TRIM58
SAMHD1,SASH1
SAMHD1,TLR6
SAMHD1,TNFRSF21
SAMHD1,TNFSF4
SAMHD1,ZDHHC1
SAPCD2,TPD52L1
SASH1,SERPING1
SASH1,SIGLEC1
SASH1,SIRPA
SASH1,SPARC
SASH1,SPHK1
SASH1,ST14
SASH1,STAB1
SASH1,TLN1
SASH1,TLR6
SASH1,TLR8
SASH1,TMSB4X
SASH1,TNFAIP2
SASH1,TNFRSF17
SASH1,TNFRSF21
SASH1,TNFSF4
SASH1,TNS1
SASH1,TSC22D1
SAT1,SLC11A1
SAT1,SLC17A9
SAT1,SLC1A3
SAT1,SLC24A3
SAT1,SLC25A35
SAT1,SLC32A1
SAT1,SLC35F3
SAT1,SLC43A2
SAT1,SLC46A2
SAT1,SLC4A3
SAT1,SLC6A8
SAT1,SLC8A3
SAT1,TCL1A
SAT1,TRAM2-AS1
SATB2,SPI1
SATB2,TFAP2E
SATB2,TMSB4X
SCARF1,STAB1
SCARF1,TSC22D1
SCGB1C1,VMO1
SCN1B,SCN9A
SCN1B,SLC32A1
SCN1B,SLC8A3
SCO2,TYMP
SCT,SLFN14
SCT,THBS1
SCT,TLN1
SCT,VWF
SDC3,ST3GAL6
SDC3,VCAN
SDPR,SLC8A3
SDPR,TNS1
SDPR,TPD52L1
SDPR,VIL1
SELP,SERPINA1
SELP,SERPING1
SELP,SEZ6
SELP,SLC17A9
SEMA3C,SEMA6B
SEMA3C,SEPT5
SEMA3C,SERPINF1
SEMA3C,SERPING1
SEMA3C,SEZ6
SEMA3C,SIGLEC1
SEMA3C,SIGLEC12
SEMA3C,SLC17A9
SEMA3C,SMPD3
SEMA3C,ST14
SEMA3C,ST3GAL6
SEMA3C,ST5
SEMA3C,STAB1
SEMA3C,STX3
SEMA3C,TAC3
SEMA3C,TPD52L1
SEMA6B,SERPINF1
SEMA6B,SLC17A9
SEPT5,SLC17A9
SEPT5,STXBP2
SERINC2,SERINC4
SERINC2,SERPING1
SERINC2,SGMS2
SERINC2,SLC46A2
SERINC2,SMPD3
SERINC2,SNX24
SERINC2,SPON2
SERINC4,SGMS2
SERINC4,SIGLEC15
SERINC4,SLC35F3
SERINC4,SLC46A2
SERINC4,SMIM10
SERINC4,SMIM5
SERINC4,SMPD3
SERINC4,SNX24
SERINC4,TMEM105
SERINC4,TMEM210
SERINC4,TMEM40
SERINC4,TTC7B
SERINC4,VEPH1
SERPINA1,SERPINE1
SERPINA1,SERPINF1
SERPINA1,SERPING1
SERPINA1,SLPI
SERPINA1,ST14
SERPINA1,TFPI
SERPINA1,TIMP2
SERPINA1,TMPRSS13
SERPINA1,TPSAB1
SERPINE1,SERPINF1
SERPINE1,SERPING1
SERPINE1,SIRPA
SERPINE1,SLPI
SERPINE1,ST14
SERPINE1,TFPI
SERPINE1,TIMP2
SERPINE1,TPSAB1
SERPINF1,SERPING1
SERPINF1,SIRPA
SERPINF1,SIRPB2
SERPINF1,ST14
SERPINF1,TFPI
SERPINF1,TIMP2
SERPINF1,TNFAIP2
SERPINF1,VEGFA
SERPING1,SIGLEC1
SERPING1,SIRPA
SERPING1,SIRPB2
SERPING1,ST14
SERPING1,TFPI
SERPING1,VEGFA
SERPING1,VSIG4
SETD1A,WDHD1
SEZ6,ZFHX3
SGMS2,SMPD3
SGMS2,SPHK1
SGMS2,ST3GAL6
SH3BGRL2,SH3BP5L
SH3BGRL2,SHD
SH3BGRL2,SLC46A2
SH3BGRL2,SNX24
SH3BGRL2,SPDYC
SH3BP5L,SHD
SH3BP5L,SIRPA
SH3BP5L,SLC46A2
SH3BP5L,SMPD3
SH3BP5L,SNX24
SH3BP5L,SPDYC
SH3BP5L,SPHK1
SH3BP5L,TCL1B
SH3BP5L,TNS3
SH3BP5L,TRIM45
SH3BP5L,VEPH1
SHD,SNX24
SHD,SPDYC
SHROOM1,TCL1A
SIGLEC1,SIGLEC12
SIGLEC1,SIGLEC15
SIGLEC1,SIRPA
SIGLEC1,SIRPB2
SIGLEC1,ST3GAL6
SIGLEC1,STAB1
SIGLEC1,TLR6
SIGLEC1,TLR8
SIGLEC1,TNFSF4
SIGLEC1,VSIG4
SIGLEC12,SIGLEC15
SIGLEC12,SIRPA
SIGLEC12,SIRPB2
SIGLEC12,ST3GAL6
SIGLEC12,STAB1
SIGLEC12,VSIG4
SIGLEC15,SLC46A2
SIGLEC15,SMPD3
SIGLEC15,SNX24
SIGLEC15,TLN1
SIGLEC15,TMEM105
SIGLEC15,TMEM176A
SIGLEC15,TMEM176B
SIGLEC15,TMEM91
SIGLEC15,TNS3
SIGLEC15,VEPH1
SIRPA,SIRPB2
SIRPA,SPHK1
SIRPA,STAB1
SIRPA,TPD52L1
SIRPA,TYROBP
SIRPA,VEPH1
SIRPA,VSIG4
SIRPB2,SPHK1
SIRPB2,SPIB
SIRPB2,TYROBP
SIRPB2,VSIG4
SLC11A1,SLC15A3
SLC11A1,SLC17A9
SLC11A1,SLC1A3
SLC11A1,SLC22A16
SLC11A1,SLC24A3
SLC11A1,SLC25A35
SLC11A1,SLC32A1
SLC11A1,SLC35F3
SLC11A1,SLC43A2
SLC11A1,SLC46A2
SLC11A1,SLC4A3
SLC11A1,SLC6A8
SLC11A1,SLC6A9
SLC11A1,SLC8A3
SLC11A1,SLCO5A1
SLC15A3,SLC17A9
SLC15A3,SLC1A3
SLC15A3,SLC22A16
SLC15A3,SLC24A3
SLC15A3,SLC25A35
SLC15A3,SLC32A1
SLC15A3,SLC35F3
SLC15A3,SLC43A2
SLC15A3,SLC46A2
SLC15A3,SLC4A3
SLC15A3,SLC6A8
SLC15A3,SLC8A3
SLC15A3,SLCO5A1
SLC15A3,SNX24
SLC15A3,TRAPPC3L
SLC15A3,TTC7B
SLC17A9,SLC1A3
SLC17A9,SLC22A16
SLC17A9,SLC24A3
SLC17A9,SLC25A35
SLC17A9,SLC32A1
SLC17A9,SLC35F3
SLC17A9,SLC43A2
SLC17A9,SLC46A2
SLC17A9,SLC4A3
SLC17A9,SLC6A8
SLC17A9,SLC6A9
SLC17A9,SLC8A3
SLC17A9,SLCO5A1
SLC17A9,SNX24
SLC17A9,ST3GAL6
SLC17A9,STON2
SLC17A9,STX3
SLC17A9,STXBP2
SLC17A9,THNSL2
SLC17A9,TMEM150B
SLC17A9,TMPRSS13
SLC17A9,TNS1
SLC17A9,TSC22D1
SLC17A9,TTC7B
SLC17A9,UPK3A
SLC1A3,SLC22A16
SLC1A3,SLC24A3
SLC1A3,SLC25A35
SLC1A3,SLC32A1
SLC1A3,SLC35F3
SLC1A3,SLC43A2
SLC1A3,SLC46A2
SLC1A3,SLC4A3
SLC1A3,SLC6A8
SLC1A3,SLC6A9
SLC1A3,SLC8A3
SLC1A3,SLCO5A1
SLC1A3,ST3GAL6
SLC1A3,STX3
SLC1A3,TAC3
SLC22A16,SLC24A3
SLC22A16,SLC25A35
SLC22A16,SLC32A1
SLC22A16,SLC35F3
SLC22A16,SLC43A2
SLC22A16,SLC46A2
SLC22A16,SLC4A3
SLC22A16,SLC6A8
SLC22A16,SLC6A9
SLC22A16,SLC8A3
SLC22A16,SLCO5A1
SLC22A16,TSC22D1
SLC24A3,SLC25A35
SLC24A3,SLC32A1
SLC24A3,SLC35F3
SLC24A3,SLC43A2
SLC24A3,SLC46A2
SLC24A3,SLC4A3
SLC24A3,SLC6A8
SLC24A3,SLC8A3
SLC24A3,TCL1A
SLC24A3,TRAM2-AS1
SLC25A35,SLC32A1
SLC25A35,SLC35F3
SLC25A35,SLC43A2
SLC25A35,SLC46A2
SLC25A35,SLC4A3
SLC25A35,TCL1A
SLC25A35,TRAM2-AS1
SLC32A1,SLC35F3
SLC32A1,SLC43A2
SLC32A1,SLC46A2
SLC32A1,SLC4A3
SLC32A1,SLC6A8
SLC32A1,SLC6A9
SLC32A1,SLC8A3
SLC32A1,SLCO5A1
SLC35F3,SLC43A2
SLC35F3,SLC46A2
SLC35F3,SLC4A3
SLC35F3,SLC6A8
SLC35F3,SLC8A3
SLC35F3,SLCO5A1
SLC35F3,SMIM10
SLC35F3,SMIM5
SLC35F3,TMEM105
SLC35F3,TMEM210
SLC35F3,TMEM40
SLC35F3,TRAPPC3L
SLC35F3,TTC7B
SLC43A2,SLC46A2
SLC43A2,SLC4A3
SLC43A2,SLC6A8
SLC43A2,SLC6A9
SLC43A2,SLC8A3
SLC43A2,SLCO5A1
SLC43A2,ST3GAL6
SLC46A2,SLC4A3
SLC46A2,SLC6A8
SLC46A2,SLC6A9
SLC46A2,SLC8A3
SLC46A2,SLCO5A1
SLC46A2,SMIM10
SLC46A2,SMPD3
SLC46A2,SNX24
SLC46A2,STON2
SLC46A2,TMEM105
SLC46A2,TMEM176A
SLC46A2,TMEM176B
SLC46A2,TMEM210
SLC46A2,TMEM40
SLC46A2,TMEM91
SLC46A2,TNS3
SLC46A2,TRAPPC3L
SLC46A2,TRIM45
SLC46A2,TTC7B
SLC4A3,SLC6A8
SLC4A3,SLC6A9
SLC4A3,SLC8A3
SLC4A3,SLCO5A1
SLC6A8,SLC6A9
SLC6A8,SLC8A3
SLC6A8,SLCO5A1
SLC6A9,SLC8A3
SLC8A3,SLCO5A1
SLC8A3,TRPM4
SLCO5A1,SNX24
SLFN14,TFPI
SLFN14,VWF
SLPI,ST14
SMIM10,SMIM5
SMIM10,SNX24
SMIM10,TMEM105
SMIM10,TMEM176A
SMIM10,TMEM176B
SMIM10,TMEM210
SMIM10,TMEM40
SMIM10,TMEM8B
SMIM10,TMEM91
SMIM5,SNX24
SMIM5,TMEM105
SMIM5,TMEM176A
SMIM5,TMEM176B
SMIM5,TMEM210
SMIM5,TMEM40
SMIM5,TMEM91
SMPD3,SNX24
SMPD3,SPDYC
SMPD3,SPHK1
SMPD3,SPON2
SMPD3,TNS3
SMPD3,VEPH1
SNX24,SPDYC
SNX24,STON2
SNX24,STX3
SNX24,TNS3
SNX24,TTC7B
SNX24,VEPH1
SOGA2,TCL1B
SOGA2,TLN1
SOGA2,TPPP3
SPDYC,SPHK1
SPDYC,SYCE3
SPDYC,TCL1B
SPDYC,TDRD9
SPDYC,TDRP
SPDYC,ZNF114
SPDYC,ZNF132
SPDYC,ZNF562
SPHK1,SPI1
SPHK1,ST14
SPHK1,TCL1B
SPHK1,THNSL2
SPHK1,TNS1
SPHK1,TNS3
SPHK1,TPD52L1
SPHK1,VEPH1
SPI1,SPIB
SPI1,SPOCD1
SPI1,TAL1
SPI1,TSC22D1
SPI1,TYROBP
SPI1,ZFHX3
SPI1,ZGLP1
SPIB,SPOCD1
SPIB,TYROBP
SPIB,VSIG4
SPOCD1,TAF13
SPOCD1,TPD52L1
SPOCD1,TSC22D1
ST14,ST3GAL6
ST14,STAB1
ST14,TIMP2
ST14,TMPRSS13
ST14,TNS1
ST14,TYROBP
ST3GAL6,STAB1
ST3GAL6,STX3
ST3GAL6,TAC3
ST5,TNFRSF21
ST5,TPD52L1
ST5,TSC22D1
STAB1,STON2
STAB1,STXBP2
STAB1,THBS1
STAB1,TLN1
STAB1,TNFRSF17
STAB1,TNFSF4
STAB1,TNS1
STAB1,TYROBP
STAB1,VEGFA
STON2,STX3
STON2,STXBP2
STON2,TNS1
STX16-NPEPL1,STX3
STX16-NPEPL1,STXBP2
STX3,STXBP2
SYCE3,TDRD9
TAC3,TSC22D1
TAC3,UCN
TAF13,TCFL5
TAF13,TFAP2E
TAF13,ZNF132
TAF13,ZNF470
TAF13,ZNF547
TAF13,ZNF562
TAL1,TCFL5
TAL1,TCL1B
TAL1,TFAP2E
TAL1,ZNF562
TCFL5,TFAP2E
TCFL5,ZNF132
TCFL5,ZNF205
TCFL5,ZNF366
TCFL5,ZNF470
TCFL5,ZNF547
TCFL5,ZNF562
TCFL5,ZNF683
TCL1A,TCL1B
TCL1A,TRAM2-AS1
TCL1B,TNS3
TCL1B,TTC7B
TCL1B,TYROBP
TCL1B,VEPH1
TDRD9,TDRP
TDRD9,TRIM45
TDRD9,TRIM58
TDRD9,ZNF470
TDRD9,ZNF547
TDRD9,ZNF562
TFAP2E,THAP9
TFAP2E,TRIM45
TFAP2E,ZNF132
TFAP2E,ZNF205
TFAP2E,ZNF470
TFAP2E,ZNF547
TFAP2E,ZNF562
TFAP2E,ZNF683
TFPI,TIMP2
TFPI,TNFAIP2
TFPI,TPD52L1
TFPI,VWF
THBS1,THNSL2
THBS1,TMSB4X
THBS1,TNS1
THBS1,VWF
THNSL2,TNS1
THNSL2,TNS3
THNSL2,TSC22D1
TIGD4,TPD52L1
TIGD4,VSIG4
TIMP2,TMPRSS13
TIMP2,TNFAIP2
TIMP2,TPD52L1
TIMP2,VEGFA
TLN1,TMSB4X
TLN1,TNFSF4
TLN1,TNNT1
TLN1,TNS1
TLN1,TNS3
TLN1,TYROBP
TLN1,VIL1
TLR6,TLR8
TLR6,TMPRSS13
TLR6,TNFRSF17
TLR6,TNFRSF21
TLR6,TNFSF4
TLR6,TREM1
TLR6,TYROBP
TLR8,TNFRSF17
TLR8,TNFRSF21
TLR8,TREM1
TLR8,TYROBP
TMEM105,TMEM150B
TMEM105,TMEM176A
TMEM105,TMEM176B
TMEM105,TMEM210
TMEM105,TMEM40
TMEM105,TMEM8B
TMEM105,TMEM91
TMEM150B,TMEM176A
TMEM150B,TMEM176B
TMEM150B,TMEM210
TMEM150B,TMEM40
TMEM150B,TMEM8B
TMEM150B,TMEM91
TMEM150B,TYROBP
TMEM176A,TMEM176B
TMEM176A,TMEM210
TMEM176A,TMEM40
TMEM176A,TMEM8B
TMEM176A,TMEM91
TMEM176B,TMEM210
TMEM176B,TMEM40
TMEM176B,TMEM8B
TMEM176B,TMEM91
TMEM210,TMEM40
TMEM210,TMEM8B
TMEM210,TMEM91
TMEM40,TMEM8B
TMEM40,TMEM91
TMEM8B,TMEM91
TMEM8B,TNS1
TMEM8B,TTC7B
TMEM91,TRIM45
TMPRSS13,TNS1
TMPRSS13,TPD52L1
TMPRSS13,TPSAB1
TMPRSS13,TSC22D1
TMPRSS13,TYROBP
TMSB4X,TNS1
TMSB4X,TPM2
TMSB4X,TPM4
TMSB4X,TSC22D1
TNFAIP2,TNFRSF17
TNFAIP2,TNFRSF21
TNFAIP2,TNFSF4
TNFAIP2,VEGFA
TNFRSF17,TNFRSF21
TNFRSF17,TNFSF4
TNFRSF17,TREM1
TNFRSF17,TSC22D1
TNFRSF17,TYROBP
TNFRSF21,TNFSF4
TNFRSF21,TSC22D1
TNFRSF21,TYROBP
TNFSF4,TNS1
TNFSF4,TSC22D1
TNFSF4,TYROBP
TNNC2,TNNT1
TNNC2,TPM1
TNNC2,TPM2
TNNC2,TPM4
TNNT1,TNS1
TNNT1,TPM1
TNNT1,TPM2
TNNT1,TPM4
TNS1,TNS3
TNS1,TPD52L1
TNS1,TSC22D1
TNS1,TYROBP
TNS1,VASN
TNS3,TRIM45
TNS3,TTC7B
TNS3,VASN
TNS3,VEPH1
TNS3,ZNF503
TPD52L1,TPM1
TPD52L1,TPM4
TPD52L1,TPPP3
TPD52L1,TSC22D1
TPD52L1,TYROBP
TPM1,TPM2
TPM1,TPM4
TPM2,TPM4
TPPP3,TTC7B
TPPP3,TUBB1
TRAPPC3L,TRIM74
TREM1,TREML1
TREM1,TYROBP
TREM1,XCL1
TREML1,TYROBP
TRIM40,TRIM45
TRIM40,TRIM74
TRIM45,TRIM58
TRIM45,TRIM74
TRIM45,UBE2C
TRIM45,ZNF132
TRIM45,ZNF205
TRIM45,ZNF470
TRIM45,ZNF547
TRIM45,ZNF562
TRIM45,ZNF683
TRIM58,TRIM74
TRIM74,UBE2C
TRIM74,UBE2M
TSC22D1,TYROBP
TSC22D1,ZFHX3
TSC22D1,ZNF233
TYROBP,VPREB1
TYROBP,VSIG4
UBE2C,UBE2M
VASN,VEPH1
VCAN,VIT
VCAN,VWF
VEGFA,VWF
VENTX,ZFHX3
VPREB1,VPREB3
VPREB1,VSIG4
WDHD1,WDR17
WDHD1,YWHAH
XCL1,XCL2
ZCCHC24,ZNF114
ZCCHC24,ZNF132
ZCCHC24,ZNF547
ZCCHC24,ZNF562
ZCCHC24,ZNF683
ZFHX3,ZGLP1
ZFHX3,ZNF132
ZFHX3,ZNF185
ZFHX3,ZNF205
ZFHX3,ZNF233
ZFHX3,ZNF470
ZFHX3,ZNF503
ZFHX3,ZNF547
ZFHX3,ZNF562
ZFHX3,ZNF618
ZFHX3,ZNF683
ZGLP1,ZNF185
ZNF114,ZNF132
ZNF114,ZNF185
ZNF114,ZNF205
ZNF114,ZNF233
ZNF114,ZNF366
ZNF114,ZNF470
ZNF114,ZNF503
ZNF114,ZNF547
ZNF114,ZNF562
ZNF114,ZNF618
ZNF114,ZNF683
ZNF132,ZNF185
ZNF132,ZNF205
ZNF132,ZNF233
ZNF132,ZNF366
ZNF132,ZNF470
ZNF132,ZNF503
ZNF132,ZNF547
ZNF132,ZNF562
ZNF132,ZNF618
ZNF132,ZNF683
ZNF185,ZNF205
ZNF185,ZNF233
ZNF185,ZNF470
ZNF185,ZNF503
ZNF185,ZNF547
ZNF185,ZNF562
ZNF185,ZNF618
ZNF185,ZNF683
ZNF205,ZNF233
ZNF205,ZNF366
ZNF205,ZNF470
ZNF205,ZNF503
ZNF205,ZNF547
ZNF205,ZNF562
ZNF205,ZNF618
ZNF205,ZNF683
ZNF233,ZNF470
ZNF233,ZNF503
ZNF233,ZNF547
ZNF233,ZNF562
ZNF233,ZNF618
ZNF233,ZNF683
ZNF366,ZNF470
ZNF366,ZNF503
ZNF366,ZNF547
ZNF366,ZNF562
ZNF366,ZNF618
ZNF366,ZNF683
ZNF470,ZNF503
ZNF470,ZNF547
ZNF470,ZNF562
ZNF470,ZNF618
ZNF470,ZNF683
ZNF503,ZNF547
ZNF503,ZNF562
ZNF503,ZNF618
ZNF503,ZNF683
ZNF547,ZNF562
ZNF547,ZNF618
ZNF547,ZNF683
ZNF562,ZNF618
ZNF562,ZNF683
ZNF618,ZNF683
